epoch,step,train_eigval_1_epoch,train_eigval_1_step,train_eigval_2_epoch,train_eigval_2_step,train_loss_epoch,train_loss_step,valid_eigval_1_epoch,valid_eigval_1_step,valid_eigval_2_epoch,valid_eigval_2_step,valid_loss_epoch,valid_loss_step
,0,,,,,,,,0.8970623016357422,,0.811943531036377,,-1.463973045349121
0,0,,,,,,,0.8970623016357422,,0.811943531036377,,-1.463973045349121,
0,0,0.8006595373153687,,0.6177455186843872,,-1.02266526222229,,,,,,,
,1,,,,,,,,0.9382567405700684,,0.8503789901733398,,-1.6034700870513916
1,1,,,,,,,0.9382567405700684,,0.8503790497779846,,-1.6034700870513916,
1,1,0.8961141705513,,0.8157694339752197,,-1.4685002565383911,,,,,,,
,2,,,,,,,,0.9547634720802307,,0.8654701113700867,,-1.660611867904663
2,2,,,,,,,0.9547634124755859,,0.8654700517654419,,-1.6606117486953735,
2,2,0.9370445609092712,,0.8551963567733765,,-1.6094133853912354,,,,,,,
,3,,,,,,,,0.9627705216407776,,0.8736728429794312,,-1.6902313232421875
3,3,,,,,,,0.9627704620361328,,0.8736728429794312,,-1.690231442451477,
3,3,0.953685998916626,,0.8706003427505493,,-1.6674619913101196,,,,,,,
,4,,,,,,,,0.9673476815223694,,0.8792253732681274,,-1.7087987661361694
4,4,,,,,,,0.9673476219177246,,0.8792253136634827,,-1.7087987661361694,
4,4,0.9618431329727173,,0.8789734840393066,,-1.6977365016937256,,,,,,,
,5,,,,,,,,0.9703561067581177,,0.8836911916732788,,-1.7225010395050049
5,5,,,,,,,0.9703561067581177,,0.883691132068634,,-1.7225010395050049,
5,5,0.9665746688842773,,0.8846443295478821,,-1.7168619632720947,,,,,,,
,6,,,,,,,,0.9725881218910217,,0.8877109885215759,,-1.7339584827423096
6,6,,,,,,,0.9725881218910217,,0.8877109885215759,,-1.7339586019515991,
6,6,0.9697090983390808,,0.8891996145248413,,-1.7310116291046143,,,,,,,
,7,,,,,,,,0.9743670225143433,,0.8915794491767883,,-1.744304895401001
7,7,,,,,,,0.9743670225143433,,0.8915794491767883,,-1.7443050146102905,
7,7,0.9720273613929749,,0.8932886123657227,,-1.7428019046783447,,,,,,,
,8,,,,,,,,0.975861132144928,,0.8954716324806213,,-1.7541744709014893
8,8,,,,,,,0.9758611917495728,,0.8954715728759766,,-1.7541744709014893,
8,8,0.9739004373550415,,0.8972347974777222,,-1.7535123825073242,,,,,,,
,9,,,,,,,,0.9771241545677185,,0.8994576930999756,,-1.7637958526611328
9,9,,,,,,,0.9771241545677185,,0.8994576930999756,,-1.7637959718704224,
9,9,0.9754437208175659,,0.9011959433555603,,-1.7636446952819824,,,,,,,
,10,,,,,,,,0.9781643748283386,,0.903568685054779,,-1.7732418775558472
10,10,,,,,,,0.9781643748283386,,0.903568685054779,,-1.7732417583465576,
10,10,0.9767562747001648,,0.905225932598114,,-1.773486852645874,,,,,,,
,11,,,,,,,,0.9789952635765076,,0.9078090190887451,,-1.7825489044189453
11,11,,,,,,,0.9789952039718628,,0.9078090786933899,,-1.7825487852096558,
11,11,0.9778485894203186,,0.9093567728996277,,-1.7831175327301025,,,,,,,
,12,,,,,,,,0.9796072840690613,,0.9121740460395813,,-1.7916918992996216
12,12,,,,,,,0.9796072840690613,,0.9121741056442261,,-1.791691780090332,
12,12,0.9787065386772156,,0.9136180281639099,,-1.7925641536712646,,,,,,,
,13,,,,,,,,0.9799595475196838,,0.9166246652603149,,-1.8005214929580688
13,13,,,,,,,0.9799595475196838,,0.9166246652603149,,-1.8005213737487793,
13,13,0.9793108701705933,,0.9179368615150452,,-1.8016579151153564,,,,,,,
,14,,,,,,,,0.9800363183021545,,0.9211028814315796,,-1.8089017868041992
14,14,,,,,,,0.9800363779067993,,0.9211028814315796,,-1.8089016675949097,
14,14,0.9796804189682007,,0.9223175644874573,,-1.81044340133667,,,,,,,
,15,,,,,,,,0.9798323512077332,,0.9255337119102478,,-1.8166840076446533
15,15,,,,,,,0.9798323512077332,,0.9255337119102478,,-1.8166841268539429,
15,15,0.9797688722610474,,0.9266727566719055,,-1.8186695575714111,,,,,,,
,16,,,,,,,,0.9793793559074402,,0.9298214912414551,,-1.8237519264221191
16,16,,,,,,,0.9793792963027954,,0.9298215508460999,,-1.8237518072128296,
16,16,0.9795520305633545,,0.9309377670288086,,-1.826167345046997,,,,,,,
,17,,,,,,,,0.9787361025810242,,0.933890700340271,,-1.8300762176513672
17,17,,,,,,,0.9787360429763794,,0.9338907599449158,,-1.8300762176513672,
17,17,0.9791204333305359,,0.9350216388702393,,-1.8329421281814575,,,,,,,
,18,,,,,,,,0.978027880191803,,0.9376511573791504,,-1.8357281684875488
18,18,,,,,,,0.978027880191803,,0.9376511573791504,,-1.8357280492782593,
18,18,0.9784621000289917,,0.938847541809082,,-1.8388227224349976,,,,,,,
,19,,,,,,,,0.9773492217063904,,0.9410182237625122,,-1.8407268524169922
19,19,,,,,,,0.9773492813110352,,0.9410182237625122,,-1.8407268524169922,
19,19,0.9777547121047974,,0.9423161149024963,,-1.843963861465454,,,,,,,
,20,,,,,,,,0.9768696427345276,,0.9439631700515747,,-1.8453407287597656
20,20,,,,,,,0.9768696427345276,,0.9439631104469299,,-1.8453407287597656,
20,20,0.9771028161048889,,0.9453975558280945,,-1.8485063314437866,,,,,,,
,21,,,,,,,,0.9767021536827087,,0.9464867115020752,,-1.8497841358184814
21,21,,,,,,,0.9767022132873535,,0.9464867115020752,,-1.849784016609192,
21,21,0.9766457080841064,,0.9480265974998474,,-1.8525911569595337,,,,,,,
,22,,,,,,,,0.9768936634063721,,0.9486068487167358,,-1.8541761636734009
22,22,,,,,,,0.9768937230110168,,0.9486068487167358,,-1.8541761636734009,
22,22,0.9765423536300659,,0.9502547383308411,,-1.856618881225586,,,,,,,
,23,,,,,,,,0.9773977398872375,,0.9503907561302185,,-1.858548879623413
23,23,,,,,,,0.9773977398872375,,0.9503907561302185,,-1.858548879623413,
23,23,0.9768032431602478,,0.9520933032035828,,-1.860626220703125,,,,,,,
,24,,,,,,,,0.9782243967056274,,0.9518983960151672,,-1.8630335330963135
24,24,,,,,,,0.9782243967056274,,0.9518983960151672,,-1.8630335330963135,
24,24,0.9774046540260315,,0.9536381363868713,,-1.8647456169128418,,,,,,,
,25,,,,,,,,0.9792551398277283,,0.953174889087677,,-1.8674830198287964
25,25,,,,,,,0.979255199432373,,0.9531748294830322,,-1.8674829006195068,
25,25,0.9783373475074768,,0.954968273639679,,-1.8691084384918213,,,,,,,
,26,,,,,,,,0.9803904294967651,,0.9542860984802246,,-1.8718273639678955
26,26,,,,,,,0.9803904294967651,,0.9542860984802246,,-1.8718273639678955,
26,26,0.979433000087738,,0.956131100654602,,-1.8734755516052246,,,,,,,
,27,,,,,,,,0.9815707802772522,,0.9552528858184814,,-1.8759891986846924
27,27,,,,,,,0.9815707802772522,,0.9552529454231262,,-1.8759890794754028,
27,27,0.9806473851203918,,0.9571499824523926,,-1.8778053522109985,,,,,,,
,28,,,,,,,,0.9827081561088562,,0.9561319351196289,,-1.8799035549163818
28,28,,,,,,,0.9827080965042114,,0.9561319947242737,,-1.8799035549163818,
28,28,0.9818838834762573,,0.9580382704734802,,-1.8819332122802734,,,,,,,
,29,,,,,,,,0.9837750792503357,,0.956946074962616,,-1.883559226989746
29,29,,,,,,,0.9837750792503357,,0.956946074962616,,-1.883559226989746,
29,29,0.9830633997917175,,0.9588716626167297,,-1.8858485221862793,,,,,,,
,30,,,,,,,,0.9847189784049988,,0.9577242732048035,,-1.8869073390960693
30,30,,,,,,,0.9847190380096436,,0.9577242732048035,,-1.8869074583053589,
30,30,0.9841611981391907,,0.9596391320228577,,-1.889480710029602,,,,,,,
,31,,,,,,,,0.985544741153717,,0.958497166633606,,-1.8900153636932373
31,31,,,,,,,0.9855448007583618,,0.958497166633606,,-1.8900153636932373,
31,31,0.9851467609405518,,0.9603545069694519,,-1.8927947282791138,,,,,,,
,32,,,,,,,,0.9862418174743652,,0.9592722654342651,,-1.892876148223877
32,32,,,,,,,0.9862418174743652,,0.9592722654342651,,-1.892876148223877,
32,32,0.9859965443611145,,0.9610590934753418,,-1.8958239555358887,,,,,,,
,33,,,,,,,,0.9868359565734863,,0.9600875973701477,,-1.895613431930542
33,33,,,,,,,0.9868359565734863,,0.9600875973701477,,-1.895613431930542,
33,33,0.98673415184021,,0.9617637991905212,,-1.8986338376998901,,,,,,,
,34,,,,,,,,0.9873248934745789,,0.9609350562095642,,-1.8982065916061401
34,34,,,,,,,0.9873248934745789,,0.9609350562095642,,-1.8982065916061401,
34,34,0.9873522520065308,,0.9624586701393127,,-1.901190996170044,,,,,,,
,35,,,,,,,,0.9877194762229919,,0.9618390202522278,,-1.9007240533828735
35,35,,,,,,,0.9877194166183472,,0.9618390202522278,,-1.9007240533828735,
35,35,0.987864077091217,,0.9631917476654053,,-1.9036136865615845,,,,,,,
,36,,,,,,,,0.9880462884902954,,0.9627705216407776,,-1.9031624794006348
36,36,,,,,,,0.9880463480949402,,0.9627704620361328,,-1.9031623601913452,
36,36,0.9882767200469971,,0.963921844959259,,-1.9058363437652588,,,,,,,
,37,,,,,,,,0.9883334636688232,,0.9637220501899719,,-1.905563235282898
37,37,,,,,,,0.9883334636688232,,0.9637220501899719,,-1.9055631160736084,
37,37,0.9886317253112793,,0.9646673798561096,,-1.9079759120941162,,,,,,,
,38,,,,,,,,0.9885593056678772,,0.9646589159965515,,-1.9078164100646973
38,38,,,,,,,0.9885593056678772,,0.9646589159965515,,-1.9078165292739868,
38,38,0.9889386296272278,,0.9653895497322083,,-1.909976601600647,,,,,,,
,39,,,,,,,,0.9887624979019165,,0.9655885696411133,,-1.9100126028060913
39,39,,,,,,,0.9887624979019165,,0.9655885696411133,,-1.9100126028060913,
39,39,0.9892041087150574,,0.9661080837249756,,-1.9118895530700684,,,,,,,
,40,,,,,,,,0.9889447689056396,,0.9664610028266907,,-1.9120585918426514
40,40,,,,,,,0.9889447689056396,,0.9664610028266907,,-1.9120585918426514,
40,40,0.9894341230392456,,0.966804563999176,,-1.9136909246444702,,,,,,,
,41,,,,,,,,0.9891050457954407,,0.9672729969024658,,-1.9139457941055298
41,41,,,,,,,0.9891050457954407,,0.967272937297821,,-1.9139457941055298,
41,41,0.9896346926689148,,0.9674369692802429,,-1.9153110980987549,,,,,,,
,42,,,,,,,,0.9892509579658508,,0.9680200815200806,,-1.9156802892684937
42,42,,,,,,,0.989250898361206,,0.9680200219154358,,-1.915680170059204,
42,42,0.9898131489753723,,0.9680244326591492,,-1.9168014526367188,,,,,,,
,43,,,,,,,,0.9894019365310669,,0.9686988592147827,,-1.917293667793274
43,43,,,,,,,0.9894019365310669,,0.9686988592147827,,-1.917293667793274,
43,43,0.989993691444397,,0.9685722589492798,,-1.9182196855545044,,,,,,,
,44,,,,,,,,0.989556610584259,,0.9693071246147156,,-1.918778657913208
44,44,,,,,,,0.989556610584259,,0.9693071246147156,,-1.9187785387039185,
44,44,0.9901522397994995,,0.9690869450569153,,-1.919530987739563,,,,,,,
,45,,,,,,,,0.9896959066390991,,0.9698432087898254,,-1.9200937747955322
45,45,,,,,,,0.9896959066390991,,0.9698432087898254,,-1.9200937747955322,
45,45,0.9903040528297424,,0.9695494174957275,,-1.920728087425232,,,,,,,
,46,,,,,,,,0.9898384213447571,,0.9703339338302612,,-1.921328067779541
46,46,,,,,,,0.9898384809494019,,0.9703338742256165,,-1.9213281869888306,
46,46,0.9904523491859436,,0.969995379447937,,-1.921886920928955,,,,,,,
,47,,,,,,,,0.9899910092353821,,0.9707713723182678,,-1.922479271888733
47,47,,,,,,,0.9899910688400269,,0.9707713723182678,,-1.9224793910980225,
47,47,0.9906032085418701,,0.9704144597053528,,-1.9229990243911743,,,,,,,
,48,,,,,,,,0.9901412129402161,,0.9711703658103943,,-1.9235515594482422
48,48,,,,,,,0.9901412129402161,,0.9711704254150391,,-1.9235515594482422,
48,48,0.9907311201095581,,0.9707933068275452,,-1.923987865447998,,,,,,,
49,49,,0.990879237651825,,0.9712149500846863,,-1.9251000881195068,,,,,,
,49,,,,,,,,0.990281879901886,,0.9715386033058167,,-1.924545407295227
49,49,,,,,,,0.990281879901886,,0.9715385437011719,,-1.924545407295227,
49,49,0.990879237651825,,0.971215009689331,,-1.9251000881195068,,,,,,,
,50,,,,,,,,0.9904143810272217,,0.9718595147132874,,-1.9254316091537476
50,50,,,,,,,0.9904143214225769,,0.9718595147132874,,-1.9254316091537476,
50,50,0.9909918308258057,,0.9715826511383057,,-1.9260376691818237,,,,,,,
,51,,,,,,,,0.9905522465705872,,0.9721760153770447,,-1.92631995677948
51,51,,,,,,,0.9905523061752319,,0.9721760749816895,,-1.92631995677948,
51,51,0.9911142587661743,,0.971964955329895,,-1.9270234107971191,,,,,,,
,52,,,,,,,,0.9906740188598633,,0.9724753499031067,,-1.9271433353424072
52,52,,,,,,,0.9906740188598633,,0.9724754095077515,,-1.9271434545516968,
52,52,0.9912378787994385,,0.9723155498504639,,-1.927950143814087,,,,,,,
,53,,,,,,,,0.9907938838005066,,0.9727476239204407,,-1.9279104471206665
53,53,,,,,,,0.9907938241958618,,0.9727476835250854,,-1.9279104471206665,
53,53,0.9913340210914612,,0.9726486802101135,,-1.928788661956787,,,,,,,
,54,,,,,,,,0.9909144043922424,,0.9730222821235657,,-1.9286837577819824
54,54,,,,,,,0.9909144043922424,,0.9730222821235657,,-1.9286837577819824,
54,54,0.9914398789405823,,0.9729839563369751,,-1.9296506643295288,,,,,,,
,55,,,,,,,,0.9910367727279663,,0.9732961654663086,,-1.9294593334197998
55,55,,,,,,,0.9910367727279663,,0.9732961654663086,,-1.9294593334197998,
55,55,0.9915581345558167,,0.9732881188392639,,-1.930477499961853,,,,,,,
,56,,,,,,,,0.9911538362503052,,0.9735811948776245,,-1.930246353149414
56,56,,,,,,,0.9911537766456604,,0.9735811352729797,,-1.9302462339401245,
56,56,0.9916754364967346,,0.9736068844795227,,-1.931330680847168,,,,,,,
,57,,,,,,,,0.9912671446800232,,0.9738553762435913,,-1.9310047626495361
57,57,,,,,,,0.9912670850753784,,0.9738553762435913,,-1.9310047626495361,
57,57,0.9917908906936646,,0.9739051461219788,,-1.9321402311325073,,,,,,,
,58,,,,,,,,0.9913821220397949,,0.9741308093070984,,-1.9317693710327148
58,58,,,,,,,0.9913821816444397,,0.9741308689117432,,-1.9317693710327148,
58,58,0.9919016361236572,,0.9741777777671814,,-1.9328910112380981,,,,,,,
,59,,,,,,,,0.9915029406547546,,0.9743983149528503,,-1.932530164718628
59,59,,,,,,,0.9915028810501099,,0.9743983149528503,,-1.932530164718628,
59,59,0.9920376539230347,,0.9744659662246704,,-1.933722734451294,,,,,,,
,60,,,,,,,,0.9916245937347412,,0.9746682643890381,,-1.9332976341247559
60,60,,,,,,,0.9916245937347412,,0.9746682047843933,,-1.9332975149154663,
60,60,0.9921666979789734,,0.9747274518013,,-1.9344884157180786,,,,,,,
,61,,,,,,,,0.9917311072349548,,0.9749022126197815,,-1.9339649677276611
61,61,,,,,,,0.9917310476303101,,0.9749022722244263,,-1.9339650869369507,
61,61,0.9922942519187927,,0.9749936461448669,,-1.9352601766586304,,,,,,,
,62,,,,,,,,0.9918426871299744,,0.9751473069190979,,-1.934664249420166
62,62,,,,,,,0.9918426871299744,,0.9751473665237427,,-1.934664249420166,
62,62,0.9924057126045227,,0.9752285480499268,,-1.9359397888183594,,,,,,,
,63,,,,,,,,0.991961658000946,,0.9753738641738892,,-1.9353420734405518
63,63,,,,,,,0.991961658000946,,0.9753738641738892,,-1.9353420734405518,
63,63,0.9925219416618347,,0.9754510521888733,,-1.936604619026184,,,,,,,
,64,,,,,,,,0.9920710325241089,,0.9755818247795105,,-1.935964822769165
64,64,,,,,,,0.9920710921287537,,0.9755817651748657,,-1.935964822769165,
64,64,0.9926490783691406,,0.975676417350769,,-1.9372966289520264,,,,,,,
,65,,,,,,,,0.9921814799308777,,0.975773274898529,,-1.9365575313568115
65,65,,,,,,,0.9921814203262329,,0.975773274898529,,-1.936557650566101,
65,65,0.9927645325660706,,0.9758923649787903,,-1.9379475116729736,,,,,,,
,66,,,,,,,,0.9922914505004883,,0.9759544730186462,,-1.9371294975280762
66,66,,,,,,,0.9922913908958435,,0.9759544134140015,,-1.9371294975280762,
66,66,0.9928967356681824,,0.976102352142334,,-1.9386197328567505,,,,,,,
,67,,,,,,,,0.9923955202102661,,0.9761199355125427,,-1.9376590251922607
67,67,,,,,,,0.9923955202102661,,0.9761199355125427,,-1.9376589059829712,
67,67,0.9929966330528259,,0.9763070940971375,,-1.9392178058624268,,,,,,,
,68,,,,,,,,0.9924966096878052,,0.9762611985206604,,-1.9381353855133057
68,68,,,,,,,0.9924966096878052,,0.9762611985206604,,-1.9381353855133057,
68,68,0.9931011199951172,,0.976499617099762,,-1.939801573753357,,,,,,,
,69,,,,,,,,0.9926074147224426,,0.9764111042022705,,-1.9386481046676636
69,69,,,,,,,0.9926073551177979,,0.9764110445976257,,-1.9386481046676636,
69,69,0.9932193160057068,,0.9767038822174072,,-1.9404350519180298,,,,,,,
,70,,,,,,,,0.9927085638046265,,0.9765382409095764,,-1.9390971660614014
70,70,,,,,,,0.9927085638046265,,0.9765382409095764,,-1.9390971660614014,
70,70,0.9933041334152222,,0.9768890142440796,,-1.940965175628662,,,,,,,
,71,,,,,,,,0.992805004119873,,0.9766473770141602,,-1.9395018815994263
71,71,,,,,,,0.9928050637245178,,0.9766473770141602,,-1.9395018815994263,
71,71,0.9934201836585999,,0.9770617485046387,,-1.9415332078933716,,,,,,,
,72,,,,,,,,0.9929091930389404,,0.9767598509788513,,-1.9399285316467285
72,72,,,,,,,0.9929091334342957,,0.9767598509788513,,-1.9399285316467285,
72,72,0.9935072660446167,,0.9772372841835022,,-1.9420493841171265,,,,,,,
,73,,,,,,,,0.9930039644241333,,0.9768613576889038,,-1.9403150081634521
73,73,,,,,,,0.9930039644241333,,0.9768613576889038,,-1.9403150081634521,
73,73,0.9936026334762573,,0.9774032831192017,,-1.9425632953643799,,,,,,,
,74,,,,,,,,0.9930937886238098,,0.9769708514213562,,-1.9407073259353638
74,74,,,,,,,0.9930938482284546,,0.9769708514213562,,-1.9407073259353638,
74,74,0.9936924576759338,,0.9775625467300415,,-1.9430532455444336,,,,,,,
,75,,,,,,,,0.9931827783584595,,0.9770793318748474,,-1.9410960674285889
75,75,,,,,,,0.9931827783584595,,0.9770793318748474,,-1.9410961866378784,
75,75,0.9937779903411865,,0.977729320526123,,-1.9435495138168335,,,,,,,
,76,,,,,,,,0.9932680726051331,,0.9771837592124939,,-1.9414695501327515
76,76,,,,,,,0.9932680130004883,,0.9771837592124939,,-1.9414695501327515,
76,76,0.9938564896583557,,0.9778795838356018,,-1.94399893283844,,,,,,,
,77,,,,,,,,0.9933565855026245,,0.9773103594779968,,-1.9418928623199463
77,77,,,,,,,0.9933565855026245,,0.9773103594779968,,-1.9418928623199463,
77,77,0.9939522743225098,,0.9780476689338684,,-1.9445182085037231,,,,,,,
,78,,,,,,,,0.9934307336807251,,0.9774221181869507,,-1.942258596420288
78,78,,,,,,,0.9934306740760803,,0.9774221181869507,,-1.9422584772109985,
78,78,0.9940287470817566,,0.9781745076179504,,-1.9449183940887451,,,,,,,
,79,,,,,,,,0.9935122132301331,,0.9775335788726807,,-1.9426383972167969
79,79,,,,,,,0.9935122132301331,,0.9775335192680359,,-1.9426383972167969,
79,79,0.9941099286079407,,0.9783309102058411,,-1.9453860521316528,,,,,,,
,80,,,,,,,,0.9935929179191589,,0.977657675743103,,-1.943041443824768
80,80,,,,,,,0.9935928583145142,,0.977657675743103,,-1.9430413246154785,
80,80,0.9941701889038086,,0.9784700274467468,,-1.9457778930664062,,,,,,,
,81,,,,,,,,0.9936659336090088,,0.9777686595916748,,-1.9434034824371338
81,81,,,,,,,0.9936659336090088,,0.9777686595916748,,-1.9434034824371338,
81,81,0.9942507147789001,,0.9786128997802734,,-1.9462177753448486,,,,,,,
,82,,,,,,,,0.993742823600769,,0.9778905510902405,,-1.9437947273254395
82,82,,,,,,,0.993742823600769,,0.9778905510902405,,-1.9437947273254395,
82,82,0.9943289160728455,,0.9787518978118896,,-1.9466451406478882,,,,,,,
,83,,,,,,,,0.9938201904296875,,0.9779897928237915,,-1.9441425800323486
83,83,,,,,,,0.9938201904296875,,0.9779897928237915,,-1.9441425800323486,
83,83,0.9943942427635193,,0.9788801074028015,,-1.947026014328003,,,,,,,
,84,,,,,,,,0.9938995242118835,,0.978100597858429,,-1.9445170164108276
84,84,,,,,,,0.9938995242118835,,0.9781006574630737,,-1.944516897201538,
84,84,0.9944567084312439,,0.9790067672729492,,-1.9473985433578491,,,,,,,
,85,,,,,,,,0.9939682483673096,,0.978193998336792,,-1.9448363780975342
85,85,,,,,,,0.9939682483673096,,0.978193998336792,,-1.9448363780975342,
85,85,0.9945316910743713,,0.9791492223739624,,-1.9478265047073364,,,,,,,
,86,,,,,,,,0.9940407872200012,,0.9782927632331848,,-1.945173740386963
86,86,,,,,,,0.9940407872200012,,0.9782927632331848,,-1.945173740386963,
86,86,0.9945890307426453,,0.9792762994766235,,-1.9481894969940186,,,,,,,
,87,,,,,,,,0.9941103458404541,,0.9783827662467957,,-1.9454882144927979
87,87,,,,,,,0.9941103458404541,,0.9783827662467957,,-1.9454882144927979,
87,87,0.9946467280387878,,0.9793950319290161,,-1.94853675365448,,,,,,,
,88,,,,,,,,0.9941755533218384,,0.9784737229347229,,-1.9457957744598389
88,88,,,,,,,0.9941755533218384,,0.9784736633300781,,-1.9457957744598389,
88,88,0.9947106838226318,,0.9795140027999878,,-1.948897123336792,,,,,,,
,89,,,,,,,,0.9942458271980286,,0.97855544090271,,-1.9460954666137695
89,89,,,,,,,0.9942458271980286,,0.97855544090271,,-1.946095585823059,
89,89,0.9947647452354431,,0.9796305298805237,,-1.949232816696167,,,,,,,
,90,,,,,,,,0.9943059086799622,,0.9786365628242493,,-1.946373701095581
90,90,,,,,,,0.9943059086799622,,0.9786365628242493,,-1.9463738203048706,
90,90,0.9948285818099976,,0.9797569513320923,,-1.9496076107025146,,,,,,,
,91,,,,,,,,0.9943653345108032,,0.9787137508392334,,-1.9466431140899658
91,91,,,,,,,0.994365394115448,,0.9787138104438782,,-1.9466432332992554,
91,91,0.9948937296867371,,0.9798667430877686,,-1.949952483177185,,,,,,,
,92,,,,,,,,0.9944260120391846,,0.9788035154342651,,-1.946939468383789
92,92,,,,,,,0.9944260120391846,,0.9788035154342651,,-1.9469393491744995,
92,92,0.9949448108673096,,0.9799900054931641,,-1.950295329093933,,,,,,,
,93,,,,,,,,0.9944831132888794,,0.978882372379303,,-1.9472074508666992
93,93,,,,,,,0.9944830536842346,,0.9788824319839478,,-1.9472074508666992,
93,93,0.9949927926063538,,0.9801191091537476,,-1.9506441354751587,,,,,,,
,94,,,,,,,,0.9945338368415833,,0.9789617657661438,,-1.9474637508392334
94,94,,,,,,,0.9945338368415833,,0.9789618253707886,,-1.9474637508392334,
94,94,0.995043933391571,,0.9802228212356567,,-1.9509491920471191,,,,,,,
,95,,,,,,,,0.994588315486908,,0.9790409207344055,,-1.9477269649505615
95,95,,,,,,,0.9945883750915527,,0.9790408611297607,,-1.9477269649505615,
95,95,0.9951169490814209,,0.980331540107727,,-1.951307773590088,,,,,,,
,96,,,,,,,,0.9946362376213074,,0.9791181087493896,,-1.9479734897613525
96,96,,,,,,,0.9946362376213074,,0.9791181087493896,,-1.9479734897613525,
96,96,0.9951452016830444,,0.9804449677467346,,-1.951586365699768,,,,,,,
,97,,,,,,,,0.9946860671043396,,0.9791978001594543,,-1.9482287168502808
97,97,,,,,,,0.9946860074996948,,0.9791978001594543,,-1.9482285976409912,
97,97,0.9951878190040588,,0.9805518984794617,,-1.951880931854248,,,,,,,
,98,,,,,,,,0.99472975730896,,0.9792796969413757,,-1.9484760761260986
98,98,,,,,,,0.9947296977043152,,0.9792796969413757,,-1.9484761953353882,
98,98,0.9952376484870911,,0.9806575775146484,,-1.952187180519104,,,,,,,
99,99,,0.9952880144119263,,0.9807679057121277,,-1.9525039196014404,,,,,,
,99,,,,,,,,0.9947696328163147,,0.9793521165847778,,-1.9486972093582153
99,99,,,,,,,0.9947696328163147,,0.9793521761894226,,-1.9486973285675049,
99,99,0.9952880144119263,,0.9807679057121277,,-1.9525039196014404,,,,,,,
,100,,,,,,,,0.9948204159736633,,0.9794310927391052,,-1.9489529132843018
100,100,,,,,,,0.9948204159736633,,0.97943115234375,,-1.9489527940750122,
100,100,0.9953288435935974,,0.9808868765830994,,-1.9528186321258545,,,,,,,
,101,,,,,,,,0.9948561787605286,,0.9795078635215759,,-1.949174404144287
101,101,,,,,,,0.9948562383651733,,0.9795078635215759,,-1.949174404144287,
101,101,0.9953672885894775,,0.9809696078300476,,-1.9530574083328247,,,,,,,
,102,,,,,,,,0.9948956966400146,,0.9795835018157959,,-1.9494012594223022
102,102,,,,,,,0.9948956966400146,,0.9795835614204407,,-1.9494011402130127,
102,102,0.9954176545143127,,0.9810846447944641,,-1.9533833265304565,,,,,,,
,103,,,,,,,,0.9949318170547485,,0.9796615839004517,,-1.9496262073516846
103,103,,,,,,,0.9949318170547485,,0.9796615839004517,,-1.9496262073516846,
103,103,0.9954491853713989,,0.9811750054359436,,-1.9536235332489014,,,,,,,
,104,,,,,,,,0.9949710369110107,,0.9797286987304688,,-1.9498356580734253
104,104,,,,,,,0.994970977306366,,0.9797286987304688,,-1.9498356580734253,
104,104,0.9954954385757446,,0.9812767505645752,,-1.953914999961853,,,,,,,
,105,,,,,,,,0.9950048327445984,,0.9798009395599365,,-1.9500445127487183
105,105,,,,,,,0.9950048327445984,,0.9798009395599365,,-1.9500443935394287,
105,105,0.9955260157585144,,0.9813656210899353,,-1.954150676727295,,,,,,,
,106,,,,,,,,0.9950308203697205,,0.9798680543899536,,-1.9502277374267578
106,106,,,,,,,0.9950308203697205,,0.9798679947853088,,-1.9502278566360474,
106,106,0.9955739378929138,,0.9814708828926086,,-1.9544525146484375,,,,,,,
,107,,,,,,,,0.9950731992721558,,0.9799326658248901,,-1.9504387378692627
107,107,,,,,,,0.9950732588768005,,0.9799326658248901,,-1.9504387378692627,
107,107,0.9956045150756836,,0.9815704822540283,,-1.9547090530395508,,,,,,,
,108,,,,,,,,0.9951047897338867,,0.9800029397010803,,-1.950639247894287
108,108,,,,,,,0.9951048493385315,,0.9800029397010803,,-1.9506391286849976,
108,108,0.9956458806991577,,0.9816717505455017,,-1.9549901485443115,,,,,,,
,109,,,,,,,,0.9951339364051819,,0.9800738096237183,,-1.950836181640625
109,109,,,,,,,0.9951339364051819,,0.9800738096237183,,-1.9508363008499146,
109,109,0.9956819415092468,,0.9817637801170349,,-1.9552425146102905,,,,,,,
,110,,,,,,,,0.9951699376106262,,0.9801328778266907,,-1.9510235786437988
110,110,,,,,,,0.9951699376106262,,0.9801328778266907,,-1.9510235786437988,
110,110,0.9957141876220703,,0.9818524122238159,,-1.9554810523986816,,,,,,,
,111,,,,,,,,0.9951913356781006,,0.9801937937736511,,-1.951185703277588
111,111,,,,,,,0.9951913356781006,,0.9801937341690063,,-1.951185703277588,
111,111,0.9957437515258789,,0.9819519519805908,,-1.955735206604004,,,,,,,
,112,,,,,,,,0.9952194094657898,,0.9802662134170532,,-1.9513834714889526
112,112,,,,,,,0.9952194094657898,,0.9802662134170532,,-1.9513834714889526,
112,112,0.9957858920097351,,0.9820582866668701,,-1.9560279846191406,,,,,,,
,113,,,,,,,,0.9952459335327148,,0.9803347587585449,,-1.951570749282837
113,113,,,,,,,0.9952458739280701,,0.9803346991539001,,-1.9515708684921265,
113,113,0.9958174228668213,,0.9821391701698303,,-1.9562495946884155,,,,,,,
,114,,,,,,,,0.9952741265296936,,0.9803935289382935,,-1.9517420530319214
114,114,,,,,,,0.9952741265296936,,0.9803935885429382,,-1.9517420530319214,
114,114,0.9958546161651611,,0.9822537302970886,,-1.956548810005188,,,,,,,
,115,,,,,,,,0.9952921271324158,,0.9804589748382568,,-1.9519062042236328
115,115,,,,,,,0.9952921271324158,,0.9804589748382568,,-1.9519060850143433,
115,115,0.995876669883728,,0.9823483228683472,,-1.956778645515442,,,,,,,
,116,,,,,,,,0.9953195452690125,,0.9805272817611694,,-1.9520947933197021
116,116,,,,,,,0.9953194856643677,,0.9805272817611694,,-1.9520947933197021,
116,116,0.9958996772766113,,0.9824349284172058,,-1.9569942951202393,,,,,,,
,117,,,,,,,,0.9953450560569763,,0.9805946946144104,,-1.9522777795791626
117,117,,,,,,,0.9953449964523315,,0.9805946350097656,,-1.9522777795791626,
117,117,0.9959262609481812,,0.9825286269187927,,-1.9572312831878662,,,,,,,
,118,,,,,,,,0.9953675270080566,,0.9806544780731201,,-1.952439785003662
118,118,,,,,,,0.9953675270080566,,0.9806544780731201,,-1.9524396657943726,
118,118,0.9959638118743896,,0.9826206564903259,,-1.9574874639511108,,,,,,,
,119,,,,,,,,0.9953873753547668,,0.9807240962982178,,-1.952615737915039
119,119,,,,,,,0.9953873157501221,,0.9807240962982178,,-1.9526156187057495,
119,119,0.9960001707077026,,0.9827233552932739,,-1.957761526107788,,,,,,,
,120,,,,,,,,0.9954102039337158,,0.9807825088500977,,-1.9527757167816162
120,120,,,,,,,0.9954102039337158,,0.9807825684547424,,-1.9527758359909058,
120,120,0.9960184097290039,,0.982801616191864,,-1.9579517841339111,,,,,,,
,121,,,,,,,,0.9954378008842468,,0.9808545112609863,,-1.9529719352722168
121,121,,,,,,,0.9954378008842468,,0.9808545112609863,,-1.9529719352722168,
121,121,0.9960495233535767,,0.98289555311203,,-1.9581983089447021,,,,,,,
,122,,,,,,,,0.99545818567276,,0.9809122085571289,,-1.9531257152557373
122,122,,,,,,,0.9954582452774048,,0.9809122085571289,,-1.9531258344650269,
122,122,0.9960755109786987,,0.9829886555671692,,-1.958432912826538,,,,,,,
,123,,,,,,,,0.9954746961593628,,0.9809778332710266,,-1.9532873630523682
123,123,,,,,,,0.9954747557640076,,0.9809778928756714,,-1.9532872438430786,
123,123,0.9961045384407043,,0.9830856919288635,,-1.9586818218231201,,,,,,,
,124,,,,,,,,0.9954949021339417,,0.9810379147529602,,-1.9534454345703125
124,124,,,,,,,0.9954949021339417,,0.9810379147529602,,-1.9534454345703125,
124,124,0.9961256384849548,,0.9831924438476562,,-1.9589338302612305,,,,,,,
,125,,,,,,,,0.9955145716667175,,0.9811092019081116,,-1.9536244869232178
125,125,,,,,,,0.9955145120620728,,0.9811091423034668,,-1.9536246061325073,
125,125,0.9961572289466858,,0.9832689166069031,,-1.9591469764709473,,,,,,,
,126,,,,,,,,0.9955292344093323,,0.9811634421348572,,-1.9537601470947266
126,126,,,,,,,0.9955291748046875,,0.9811634421348572,,-1.9537602663040161,
126,126,0.996192455291748,,0.9833672642707825,,-1.9594104290008545,,,,,,,
,127,,,,,,,,0.9955480098724365,,0.9812228083610535,,-1.9539140462875366
127,127,,,,,,,0.9955479502677917,,0.9812227487564087,,-1.9539141654968262,
127,127,0.9962108135223389,,0.9834408760070801,,-1.9595918655395508,,,,,,,
,128,,,,,,,,0.9955722093582153,,0.9812885522842407,,-1.9540913105010986
128,128,,,,,,,0.9955722093582153,,0.9812885522842407,,-1.954091191291809,
128,128,0.9962311387062073,,0.9835512042045593,,-1.9598493576049805,,,,,,,
,129,,,,,,,,0.9955944418907166,,0.9813497066497803,,-1.9542555809020996
129,129,,,,,,,0.9955943822860718,,0.981349766254425,,-1.95425546169281,
129,129,0.9962427020072937,,0.9836342334747314,,-1.9600355625152588,,,,,,,
,130,,,,,,,,0.9956024885177612,,0.9814085364341736,,-1.9543869495391846
130,130,,,,,,,0.9956024885177612,,0.9814084768295288,,-1.954386830329895,
130,130,0.9962688088417053,,0.9837257862091064,,-1.9602680206298828,,,,,,,
,131,,,,,,,,0.9956184029579163,,0.9814691543579102,,-1.9545376300811768
131,131,,,,,,,0.995618462562561,,0.9814690947532654,,-1.9545376300811768,
131,131,0.9962899684906006,,0.9838072657585144,,-1.9604705572128296,,,,,,,
,132,,,,,,,,0.9956415891647339,,0.9815351963043213,,-1.9547135829925537
132,132,,,,,,,0.9956415891647339,,0.9815351963043213,,-1.9547135829925537,
132,132,0.9963206648826599,,0.9839136004447937,,-1.9607409238815308,,,,,,,
,133,,,,,,,,0.9956554174423218,,0.9816003441810608,,-1.954869031906128
133,133,,,,,,,0.9956554174423218,,0.981600284576416,,-1.954869031906128,
133,133,0.9963396787643433,,0.9839937686920166,,-1.960936188697815,,,,,,,
,134,,,,,,,,0.9956711530685425,,0.9816615581512451,,-1.9550204277038574
134,134,,,,,,,0.9956711530685425,,0.9816616177558899,,-1.9550203084945679,
134,134,0.9963696599006653,,0.9840949177742004,,-1.9611952304840088,,,,,,,
,135,,,,,,,,0.995690643787384,,0.9817203283309937,,-1.9551746845245361
135,135,,,,,,,0.9956907033920288,,0.9817203283309937,,-1.9551745653152466,
135,135,0.9963839650154114,,0.9841764569282532,,-1.9613841772079468,,,,,,,
,136,,,,,,,,0.9957020282745361,,0.9817826151847839,,-1.9553196430206299
136,136,,,,,,,0.9957020282745361,,0.9817826151847839,,-1.9553196430206299,
136,136,0.9963966608047485,,0.9842779040336609,,-1.9616093635559082,,,,,,,
,137,,,,,,,,0.9957246780395508,,0.9818535447120667,,-1.955504059791565
137,137,,,,,,,0.9957247376441956,,0.9818534851074219,,-1.955504059791565,
137,137,0.9964327216148376,,0.9843617081642151,,-1.961846113204956,,,,,,,
,138,,,,,,,,0.995731770992279,,0.9819068908691406,,-1.955622911453247
138,138,,,,,,,0.995731770992279,,0.9819068908691406,,-1.955622911453247,
138,138,0.9964390993118286,,0.9844638705253601,,-1.9620599746704102,,,,,,,
,139,,,,,,,,0.99574214220047,,0.9819726943969727,,-1.9557727575302124
139,139,,,,,,,0.9957420825958252,,0.9819726943969727,,-1.9557727575302124,
139,139,0.9964553117752075,,0.9845331907272339,,-1.962228775024414,,,,,,,
,140,,,,,,,,0.9957615733146667,,0.9820277094841003,,-1.9559195041656494
140,140,,,,,,,0.9957615733146667,,0.9820277094841003,,-1.9559195041656494,
140,140,0.9964908957481384,,0.9846302270889282,,-1.9624909162521362,,,,,,,
,141,,,,,,,,0.9957727193832397,,0.9820910096168518,,-1.9560661315917969
141,141,,,,,,,0.9957727193832397,,0.982090950012207,,-1.9560661315917969,
141,141,0.9964971542358398,,0.9847360849380493,,-1.9627118110656738,,,,,,,
,142,,,,,,,,0.9957891702651978,,0.9821505546569824,,-1.956215739250183
142,142,,,,,,,0.995789110660553,,0.9821506142616272,,-1.956215739250183,
142,142,0.9965194463729858,,0.9848125576972961,,-1.9629065990447998,,,,,,,
,143,,,,,,,,0.9958012104034424,,0.9822064638137817,,-1.9563496112823486
143,143,,,,,,,0.9958012700080872,,0.9822065234184265,,-1.9563497304916382,
143,143,0.9965393543243408,,0.9849026799201965,,-1.9631240367889404,,,,,,,
,144,,,,,,,,0.9958054423332214,,0.9822717308998108,,-1.9564862251281738
144,144,,,,,,,0.9958054423332214,,0.9822717308998108,,-1.9564861059188843,
144,144,0.9965541362762451,,0.9849928021430969,,-1.9633309841156006,,,,,,,
,145,,,,,,,,0.9958252310752869,,0.9823300242424011,,-1.9566401243209839
145,145,,,,,,,0.9958252310752869,,0.9823299646377563,,-1.9566402435302734,
145,145,0.9965769052505493,,0.9850941896438599,,-1.9635759592056274,,,,,,,
,146,,,,,,,,0.9958375096321106,,0.9823935031890869,,-1.9567893743515015
146,146,,,,,,,0.9958375096321106,,0.9823935031890869,,-1.9567893743515015,
146,146,0.9965924620628357,,0.985179603099823,,-1.963775396347046,,,,,,,
,147,,,,,,,,0.9958473443984985,,0.9824548363685608,,-1.9569294452667236
147,147,,,,,,,0.9958472847938538,,0.9824548363685608,,-1.956929326057434,
147,147,0.9966194033622742,,0.9852678179740906,,-1.9640028476715088,,,,,,,
,148,,,,,,,,0.9958565831184387,,0.9825050830841064,,-1.9570465087890625
148,148,,,,,,,0.9958565831184387,,0.9825050830841064,,-1.9570465087890625,
148,148,0.9966247081756592,,0.9853559732437134,,-1.9641871452331543,,,,,,,
149,149,,0.9966440200805664,,0.9854505658149719,,-1.9644122123718262,,,,,,
,149,,,,,,,,0.9958738684654236,,0.9825809597969055,,-1.9572300910949707
149,149,,,,,,,0.9958738684654236,,0.9825809001922607,,-1.9572300910949707,
149,149,0.9966440796852112,,0.9854506254196167,,-1.9644122123718262,,,,,,,
,150,,,,,,,,0.9958791732788086,,0.9826378226280212,,-1.9573523998260498
150,150,,,,,,,0.9958791732788086,,0.9826378226280212,,-1.9573525190353394,
150,150,0.9966631531715393,,0.985541820526123,,-1.9646300077438354,,,,,,,
,151,,,,,,,,0.9958944916725159,,0.9826962351799011,,-1.9574977159500122
151,151,,,,,,,0.9958944916725159,,0.9826961755752563,,-1.9574977159500122,
151,151,0.9966838359832764,,0.9856171011924744,,-1.9648196697235107,,,,,,,
,152,,,,,,,,0.9958992004394531,,0.9827651381492615,,-1.9576425552368164
152,152,,,,,,,0.9958992004394531,,0.9827650785446167,,-1.957642674446106,
152,152,0.9966953992843628,,0.9857162833213806,,-1.9650381803512573,,,,,,,
,153,,,,,,,,0.9959131479263306,,0.9828266501426697,,-1.9577912092208862
153,153,,,,,,,0.9959132075309753,,0.9828267097473145,,-1.9577912092208862,
153,153,0.9967149496078491,,0.9858231544494629,,-1.9652879238128662,,,,,,,
,154,,,,,,,,0.9959222078323364,,0.9828897714614868,,-1.9579334259033203
154,154,,,,,,,0.9959222078323364,,0.9828897714614868,,-1.9579334259033203,
154,154,0.996730387210846,,0.9859011769294739,,-1.96547269821167,,,,,,,
,155,,,,,,,,0.9959307909011841,,0.9829462766647339,,-1.9580614566802979
155,155,,,,,,,0.9959307909011841,,0.9829462766647339,,-1.9580614566802979,
155,155,0.9967589974403381,,0.9859887361526489,,-1.9657024145126343,,,,,,,
,156,,,,,,,,0.9959426522254944,,0.9830062985420227,,-1.9582030773162842
156,156,,,,,,,0.9959425926208496,,0.9830062985420227,,-1.9582029581069946,
156,156,0.9967681169509888,,0.9860815405845642,,-1.9659035205841064,,,,,,,
,157,,,,,,,,0.9959522485733032,,0.9830729961395264,,-1.9583534002304077
157,157,,,,,,,0.995952308177948,,0.9830729365348816,,-1.9583534002304077,
157,157,0.9967914819717407,,0.9861863851547241,,-1.9661569595336914,,,,,,,
,158,,,,,,,,0.9959614872932434,,0.98312908411026,,-1.958482027053833
158,158,,,,,,,0.9959614872932434,,0.98312908411026,,-1.958482027053833,
158,158,0.9967934489250183,,0.986270546913147,,-1.9663265943527222,,,,,,,
,159,,,,,,,,0.9959662556648254,,0.9831934571266174,,-1.9586181640625
159,159,,,,,,,0.9959662556648254,,0.9831934571266174,,-1.9586180448532104,
159,159,0.9968149662017822,,0.986357569694519,,-1.9665412902832031,,,,,,,
,160,,,,,,,,0.9959801435470581,,0.9832504391670227,,-1.9587578773498535
160,160,,,,,,,0.9959801435470581,,0.9832504987716675,,-1.9587578773498535,
160,160,0.9968345761299133,,0.986443817615509,,-1.9667507410049438,,,,,,,
,161,,,,,,,,0.99598628282547,,0.9833073616027832,,-1.9588820934295654
161,161,,,,,,,0.9959863424301147,,0.9833073616027832,,-1.9588819742202759,
161,161,0.9968541264533997,,0.986539900302887,,-1.9669790267944336,,,,,,,
,162,,,,,,,,0.9959982633590698,,0.9833750128746033,,-1.9590389728546143
162,162,,,,,,,0.9959982633590698,,0.9833750128746033,,-1.9590389728546143,
162,162,0.9968618750572205,,0.9866310954093933,,-1.9671744108200073,,,,,,,
,163,,,,,,,,0.9960049986839294,,0.983439564704895,,-1.959179401397705
163,163,,,,,,,0.9960049986839294,,0.983439564704895,,-1.959179401397705,
163,163,0.9968729019165039,,0.9867259860038757,,-1.9673837423324585,,,,,,,
,164,,,,,,,,0.9960123896598816,,0.9834948778152466,,-1.9593029022216797
164,164,,,,,,,0.9960123896598816,,0.9834948778152466,,-1.9593030214309692,
164,164,0.9968863725662231,,0.9868147969245911,,-1.9675859212875366,,,,,,,
,165,,,,,,,,0.996017336845398,,0.9835624694824219,,-1.9594457149505615
165,165,,,,,,,0.9960172772407532,,0.9835624098777771,,-1.9594457149505615,
165,165,0.9968985915184021,,0.9868997931480408,,-1.9677780866622925,,,,,,,
,166,,,,,,,,0.9960281252861023,,0.9836313724517822,,-1.9596027135849
166,166,,,,,,,0.9960281252861023,,0.9836313724517822,,-1.9596027135849,
166,166,0.9969137907028198,,0.9869967103004456,,-1.9679995775222778,,,,,,,
,167,,,,,,,,0.9960411190986633,,0.98368901014328,,-1.9597420692443848
167,167,,,,,,,0.9960411787033081,,0.98368901014328,,-1.9597420692443848,
167,167,0.9969366192817688,,0.987082302570343,,-1.9682141542434692,,,,,,,
,168,,,,,,,,0.9960455894470215,,0.9837583303451538,,-1.9598872661590576
168,168,,,,,,,0.9960455298423767,,0.9837583303451538,,-1.959887146949768,
168,168,0.9969481825828552,,0.9871752262115479,,-1.9684205055236816,,,,,,,
,169,,,,,,,,0.9960522651672363,,0.9838111400604248,,-1.960004448890686
169,169,,,,,,,0.9960523247718811,,0.9838111400604248,,-1.960004448890686,
169,169,0.9969578385353088,,0.987276554107666,,-1.9686400890350342,,,,,,,
,170,,,,,,,,0.9960615634918213,,0.9838815331459045,,-1.9601614475250244
170,170,,,,,,,0.9960615634918213,,0.9838815331459045,,-1.9601614475250244,
170,170,0.9969766139984131,,0.9873571395874023,,-1.9688361883163452,,,,,,,
,171,,,,,,,,0.9960672855377197,,0.9839428663253784,,-1.9602935314178467
171,171,,,,,,,0.9960672855377197,,0.9839429259300232,,-1.9602934122085571,
171,171,0.9969812035560608,,0.9874441027641296,,-1.969017505645752,,,,,,,
,172,,,,,,,,0.9960753321647644,,0.9840016961097717,,-1.9604253768920898
172,172,,,,,,,0.9960753917694092,,0.984001636505127,,-1.9604254961013794,
172,172,0.9970058798789978,,0.9875396490097046,,-1.9692552089691162,,,,,,,
,173,,,,,,,,0.9960829019546509,,0.984066367149353,,-1.9605677127838135
173,173,,,,,,,0.9960829019546509,,0.984066367149353,,-1.960567831993103,
173,173,0.9970197081565857,,0.9876260161399841,,-1.9694536924362183,,,,,,,
,174,,,,,,,,0.9960888624191284,,0.9841347932815552,,-1.960714340209961
174,174,,,,,,,0.9960888624191284,,0.9841347932815552,,-1.9607144594192505,
174,174,0.9970293045043945,,0.987717866897583,,-1.9696540832519531,,,,,,,
,175,,,,,,,,0.996100664138794,,0.9841912388801575,,-1.9608489274978638
175,175,,,,,,,0.996100664138794,,0.9841912388801575,,-1.9608489274978638,
175,175,0.9970455169677734,,0.9878098368644714,,-1.9698679447174072,,,,,,,
,176,,,,,,,,0.9961096048355103,,0.9842565059661865,,-1.9609951972961426
176,176,,,,,,,0.9961096048355103,,0.9842565059661865,,-1.9609951972961426,
176,176,0.9970642924308777,,0.9879050254821777,,-1.9700937271118164,,,,,,,
,177,,,,,,,,0.9961133003234863,,0.9843218326568604,,-1.9611310958862305
177,177,,,,,,,0.9961133003234863,,0.9843218326568604,,-1.9611310958862305,
177,177,0.9970723390579224,,0.9879986643791199,,-1.970294713973999,,,,,,,
,178,,,,,,,,0.9961274266242981,,0.9843809604644775,,-1.9612758159637451
178,178,,,,,,,0.9961273670196533,,0.9843809604644775,,-1.9612756967544556,
178,178,0.9970882534980774,,0.9880815744400024,,-1.9704902172088623,,,,,,,
,179,,,,,,,,0.996126115322113,,0.9844490885734558,,-1.96140718460083
179,179,,,,,,,0.996126115322113,,0.9844490885734558,,-1.96140718460083,
179,179,0.9970995187759399,,0.9881678819656372,,-1.970682978630066,,,,,,,
,180,,,,,,,,0.9961364269256592,,0.9845133423805237,,-1.9615542888641357
180,180,,,,,,,0.996136486530304,,0.9845133423805237,,-1.9615544080734253,
180,180,0.9971163868904114,,0.9882553219795227,,-1.9708894491195679,,,,,,,
,181,,,,,,,,0.9961416721343994,,0.984575092792511,,-1.961686372756958
181,181,,,,,,,0.9961416721343994,,0.984575092792511,,-1.961686372756958,
181,181,0.9971321821212769,,0.9883525371551514,,-1.9711133241653442,,,,,,,
,182,,,,,,,,0.9961455464363098,,0.9846380352973938,,-1.961817979812622
182,182,,,,,,,0.9961455464363098,,0.9846380949020386,,-1.9618178606033325,
182,182,0.9971248507499695,,0.9884299635887146,,-1.9712517261505127,,,,,,,
,183,,,,,,,,0.9961541891098022,,0.9847036600112915,,-1.9619643688201904
183,183,,,,,,,0.9961541891098022,,0.9847036600112915,,-1.9619643688201904,
183,183,0.9971617460250854,,0.9885241985321045,,-1.971511721611023,,,,,,,
,184,,,,,,,,0.9961621761322021,,0.9847602844238281,,-1.9620919227600098
184,184,,,,,,,0.9961621761322021,,0.9847602844238281,,-1.9620918035507202,
184,184,0.9971712827682495,,0.9886173605918884,,-1.971714973449707,,,,,,,
,185,,,,,,,,0.9961665272712708,,0.9848337173461914,,-1.962245225906372
185,185,,,,,,,0.996166467666626,,0.9848336577415466,,-1.9622453451156616,
185,185,0.9971956014633179,,0.9887039065361023,,-1.9719343185424805,,,,,,,
,186,,,,,,,,0.996167778968811,,0.9848901629447937,,-1.962358832359314
186,186,,,,,,,0.996167778968811,,0.9848901629447937,,-1.9623589515686035,
186,186,0.9971902966499329,,0.988797128200531,,-1.9721084833145142,,,,,,,
,187,,,,,,,,0.9961817264556885,,0.984957754611969,,-1.962519884109497
187,187,,,,,,,0.9961817264556885,,0.984957754611969,,-1.962519884109497,
187,187,0.9971997737884521,,0.9888775944709778,,-1.972286343574524,,,,,,,
,188,,,,,,,,0.9961847066879272,,0.985024631023407,,-1.9626574516296387
188,188,,,,,,,0.9961846470832825,,0.985024631023407,,-1.9626574516296387,
188,188,0.9972206950187683,,0.9889644980430603,,-1.9725000858306885,,,,,,,
,189,,,,,,,,0.9961866736412048,,0.9850745797157288,,-1.9627597332000732
189,189,,,,,,,0.9961867332458496,,0.9850745797157288,,-1.9627597332000732,
189,189,0.9972223043441772,,0.9890325665473938,,-1.9726377725601196,,,,,,,
,190,,,,,,,,0.9961979985237122,,0.9851384162902832,,-1.9629082679748535
190,190,,,,,,,0.9961979389190674,,0.9851384162902832,,-1.9629082679748535,
190,190,0.9972571134567261,,0.9891358017921448,,-1.97291100025177,,,,,,,
,191,,,,,,,,0.9962029457092285,,0.9852070212364197,,-1.9630532264709473
191,191,,,,,,,0.9962029457092285,,0.9852070212364197,,-1.9630532264709473,
191,191,0.9972546696662903,,0.9892235398292542,,-1.9730801582336426,,,,,,,
,192,,,,,,,,0.9962104558944702,,0.985267162322998,,-1.9631867408752441
192,192,,,,,,,0.9962104558944702,,0.985267162322998,,-1.9631867408752441,
192,192,0.9972678422927856,,0.9893120527267456,,-1.9732813835144043,,,,,,,
,193,,,,,,,,0.9962171316146851,,0.9853237271308899,,-1.9633114337921143
193,193,,,,,,,0.9962171316146851,,0.9853237271308899,,-1.9633114337921143,
193,193,0.9972862005233765,,0.9893938302993774,,-1.973479986190796,,,,,,,
,194,,,,,,,,0.996216893196106,,0.9853926301002502,,-1.9634467363357544
194,194,,,,,,,0.9962169528007507,,0.985392689704895,,-1.9634467363357544,
194,194,0.9972918033599854,,0.9894781112670898,,-1.9736577272415161,,,,,,,
,195,,,,,,,,0.9962328672409058,,0.985455334186554,,-1.963602066040039
195,195,,,,,,,0.9962328672409058,,0.985455334186554,,-1.963602066040039,
195,195,0.9973027110099792,,0.9895647168159485,,-1.973851203918457,,,,,,,
,196,,,,,,,,0.9962307810783386,,0.985514760017395,,-1.9637150764465332
196,196,,,,,,,0.9962307810783386,,0.985514760017395,,-1.9637150764465332,
196,196,0.9973233938217163,,0.9896493554115295,,-1.9740597009658813,,,,,,,
,197,,,,,,,,0.9962369799613953,,0.9855778217315674,,-1.963851809501648
197,197,,,,,,,0.9962369799613953,,0.9855778217315674,,-1.9638519287109375,
197,197,0.997323751449585,,0.9897403717041016,,-1.9742406606674194,,,,,,,
,198,,,,,,,,0.9962403178215027,,0.9856438040733337,,-1.9639885425567627
198,198,,,,,,,0.9962403178215027,,0.9856438040733337,,-1.9639885425567627,
198,198,0.9973382949829102,,0.9898267388343811,,-1.974440574645996,,,,,,,
199,199,,0.9973534941673279,,0.9898988604545593,,-1.9746137857437134,,,,,,
,199,,,,,,,,0.9962490797042847,,0.9857081770896912,,-1.9641327857971191
199,199,,,,,,,0.9962490797042847,,0.9857081174850464,,-1.9641329050064087,
199,199,0.9973534941673279,,0.9898988604545593,,-1.9746137857437134,,,,,,,
,200,,,,,,,,0.9962552189826965,,0.9857648015022278,,-1.964256763458252
200,200,,,,,,,0.9962552189826965,,0.9857648611068726,,-1.964256763458252,
200,200,0.997372031211853,,0.989980161190033,,-1.9748120307922363,,,,,,,
,201,,,,,,,,0.9962546825408936,,0.9858235120773315,,-1.9643714427947998
201,201,,,,,,,0.9962546825408936,,0.9858235120773315,,-1.9643713235855103,
201,201,0.9973828196525574,,0.990062415599823,,-1.9749959707260132,,,,,,,
,202,,,,,,,,0.9962610006332397,,0.9858848452568054,,-1.9645049571990967
202,202,,,,,,,0.9962610006332397,,0.9858849048614502,,-1.9645049571990967,
202,202,0.9973915815353394,,0.9901440143585205,,-1.9751750230789185,,,,,,,
,203,,,,,,,,0.99626624584198,,0.985945999622345,,-1.964635968208313
203,203,,,,,,,0.9962663054466248,,0.985945999622345,,-1.964635968208313,
203,203,0.9974061846733093,,0.9902278184890747,,-1.975370168685913,,,,,,,
,204,,,,,,,,0.996269702911377,,0.9860095381736755,,-1.9647681713104248
204,204,,,,,,,0.996269702911377,,0.9860095381736755,,-1.9647680521011353,
204,204,0.9973999261856079,,0.990314245223999,,-1.9755289554595947,,,,,,,
,205,,,,,,,,0.9962721467018127,,0.9860639572143555,,-1.9648802280426025
205,205,,,,,,,0.9962721467018127,,0.9860639572143555,,-1.964880347251892,
205,205,0.9974246621131897,,0.9903967976570129,,-1.9757416248321533,,,,,,,
,206,,,,,,,,0.9962790012359619,,0.9861242771148682,,-1.9650129079818726
206,206,,,,,,,0.9962790012359619,,0.9861242771148682,,-1.9650129079818726,
206,206,0.9974344968795776,,0.9904694557189941,,-1.9759052991867065,,,,,,,
,207,,,,,,,,0.9962884187698364,,0.9861853122711182,,-1.9651520252227783
207,207,,,,,,,0.9962883591651917,,0.9861853122711182,,-1.9651520252227783,
207,207,0.9974445104598999,,0.9905480742454529,,-1.9760808944702148,,,,,,,
,208,,,,,,,,0.996284544467926,,0.9862399101257324,,-1.965252161026001
208,208,,,,,,,0.9962846040725708,,0.9862399697303772,,-1.965252161026001,
208,208,0.9974581003189087,,0.9906302690505981,,-1.9762709140777588,,,,,,,
,209,,,,,,,,0.9962902665138245,,0.9862995743751526,,-1.965381145477295
209,209,,,,,,,0.9962902665138245,,0.9862995743751526,,-1.9653812646865845,
209,209,0.9974709749221802,,0.9907160997390747,,-1.9764666557312012,,,,,,,
,210,,,,,,,,0.9963012337684631,,0.9863613843917847,,-1.9655249118804932
210,210,,,,,,,0.9963011741638184,,0.9863613843917847,,-1.9655249118804932,
210,210,0.9974676370620728,,0.990776777267456,,-1.9765803813934326,,,,,,,
,211,,,,,,,,0.9963071346282959,,0.9864183664321899,,-1.965649127960205
211,211,,,,,,,0.9963071346282959,,0.9864183664321899,,-1.965649127960205,
211,211,0.9974929690361023,,0.9908557534217834,,-1.9767874479293823,,,,,,,
,212,,,,,,,,0.996309757232666,,0.9864730834960938,,-1.9657622575759888
212,212,,,,,,,0.9963098168373108,,0.9864730834960938,,-1.9657622575759888,
212,212,0.9975021481513977,,0.9909345507621765,,-1.9769619703292847,,,,,,,
,213,,,,,,,,0.9963173270225525,,0.9865378737449646,,-1.9659051895141602
213,213,,,,,,,0.9963173270225525,,0.9865379333496094,,-1.9659051895141602,
213,213,0.9975183606147766,,0.9910157918930054,,-1.9771552085876465,,,,,,,
,214,,,,,,,,0.9963170886039734,,0.9865861535072327,,-1.9660000801086426
214,214,,,,,,,0.9963171482086182,,0.9865860939025879,,-1.9660000801086426,
214,214,0.9975213408470154,,0.9910933971405029,,-1.9773149490356445,,,,,,,
,215,,,,,,,,0.996318519115448,,0.9866405129432678,,-1.9661099910736084
215,215,,,,,,,0.996318519115448,,0.986640453338623,,-1.9661098718643188,
215,215,0.997535228729248,,0.9911670088768005,,-1.9774885177612305,,,,,,,
,216,,,,,,,,0.9963266849517822,,0.9866980910301208,,-1.9662399291992188
216,216,,,,,,,0.9963266849517822,,0.9866980314254761,,-1.9662399291992188,
216,216,0.9975498914718628,,0.9912468194961548,,-1.9776760339736938,,,,,,,
,217,,,,,,,,0.9963295459747314,,0.9867562651634216,,-1.9663605690002441
217,217,,,,,,,0.9963295459747314,,0.9867563247680664,,-1.9663605690002441,
217,217,0.9975569844245911,,0.9913161396980286,,-1.977827548980713,,,,,,,
,218,,,,,,,,0.9963361620903015,,0.9868093132972717,,-1.9664783477783203
218,218,,,,,,,0.9963362216949463,,0.9868093132972717,,-1.9664782285690308,
218,218,0.9975627660751343,,0.9913867712020874,,-1.9779794216156006,,,,,,,
,219,,,,,,,,0.9963362216949463,,0.9868634343147278,,-1.9665852785110474
219,219,,,,,,,0.9963362216949463,,0.9868634343147278,,-1.9665852785110474,
219,219,0.997572660446167,,0.9914591312408447,,-1.978142499923706,,,,,,,
,220,,,,,,,,0.9963431358337402,,0.9869152903556824,,-1.9667013883590698
220,220,,,,,,,0.9963431358337402,,0.9869152903556824,,-1.9667013883590698,
220,220,0.9975835084915161,,0.9915382862091064,,-1.9783210754394531,,,,,,,
,221,,,,,,,,0.9963488578796387,,0.9869720339775085,,-1.9668248891830444
221,221,,,,,,,0.9963489174842834,,0.9869720339775085,,-1.9668248891830444,
221,221,0.9976058006286621,,0.9915977716445923,,-1.9784833192825317,,,,,,,
,222,,,,,,,,0.9963506460189819,,0.987023115158081,,-1.9669291973114014
222,222,,,,,,,0.9963506460189819,,0.987023115158081,,-1.9669291973114014,
222,222,0.9976155757904053,,0.9916722178459167,,-1.978650689125061,,,,,,,
,223,,,,,,,,0.9963554739952087,,0.9870752692222595,,-1.9670418500900269
223,223,,,,,,,0.9963554739952087,,0.9870752692222595,,-1.9670417308807373,
223,223,0.9976180791854858,,0.9917589426040649,,-1.9788278341293335,,,,,,,
,224,,,,,,,,0.9963646531105042,,0.9871297478675842,,-1.967167615890503
224,224,,,,,,,0.9963646531105042,,0.9871297478675842,,-1.967167615890503,
224,224,0.9976284503936768,,0.9918166399002075,,-1.9789626598358154,,,,,,,
,225,,,,,,,,0.9963630437850952,,0.9871724843978882,,-1.9672489166259766
225,225,,,,,,,0.99636310338974,,0.9871724843978882,,-1.9672490358352661,
225,225,0.997642457485199,,0.9918875694274902,,-1.9791314601898193,,,,,,,
,226,,,,,,,,0.9963633418083191,,0.9872268438339233,,-1.9673566818237305
226,226,,,,,,,0.9963633418083191,,0.9872268438339233,,-1.9673566818237305,
226,226,0.9976497888565063,,0.9919645190238953,,-1.9792985916137695,,,,,,,
,227,,,,,,,,0.9963697195053101,,0.9872763752937317,,-1.9674673080444336
227,227,,,,,,,0.9963697195053101,,0.9872763752937317,,-1.9674674272537231,
227,227,0.9976658225059509,,0.9920214414596558,,-1.9794436693191528,,,,,,,
,228,,,,,,,,0.9963744282722473,,0.9873257279396057,,-1.967574119567871
228,228,,,,,,,0.9963744282722473,,0.9873257279396057,,-1.967574119567871,
228,228,0.9976701140403748,,0.9920800924301147,,-1.979568600654602,,,,,,,
,229,,,,,,,,0.9963817000389099,,0.9873753190040588,,-1.9676865339279175
229,229,,,,,,,0.9963817596435547,,0.9873753190040588,,-1.9676865339279175,
229,229,0.9976783394813538,,0.9921628832817078,,-1.979749083518982,,,,,,,
,230,,,,,,,,0.9963802099227905,,0.987420380115509,,-1.9677724838256836
230,230,,,,,,,0.9963802099227905,,0.987420380115509,,-1.967772364616394,
230,230,0.997687041759491,,0.9922248721122742,,-1.9798896312713623,,,,,,,
,231,,,,,,,,0.9963852763175964,,0.9874670505523682,,-1.9678747653961182
231,231,,,,,,,0.9963852763175964,,0.9874669909477234,,-1.9678748846054077,
231,231,0.9977022409439087,,0.9922904372215271,,-1.9800500869750977,,,,,,,
,232,,,,,,,,0.9963899254798889,,0.9875085949897766,,-1.967966079711914
232,232,,,,,,,0.9963899850845337,,0.9875085353851318,,-1.9679661989212036,
232,232,0.9977125525474548,,0.9923563003540039,,-1.980201244354248,,,,,,,
,233,,,,,,,,0.9963947534561157,,0.9875593781471252,,-1.9680759906768799
233,233,,,,,,,0.9963947534561157,,0.9875593781471252,,-1.9680759906768799,
233,233,0.9977196455001831,,0.9924214482307434,,-1.9803447723388672,,,,,,,
,234,,,,,,,,0.9963973760604858,,0.9876031279563904,,-1.9681676626205444
234,234,,,,,,,0.9963973760604858,,0.9876030683517456,,-1.968167781829834,
234,234,0.9977348446846008,,0.9924816489219666,,-1.980494499206543,,,,,,,
,235,,,,,,,,0.9963982105255127,,0.9876499176025391,,-1.96826171875
235,235,,,,,,,0.9963981509208679,,0.9876499176025391,,-1.9682618379592896,
235,235,0.9977486729621887,,0.9925511479377747,,-1.980660319328308,,,,,,,
,236,,,,,,,,0.9963991641998291,,0.9876946806907654,,-1.9683520793914795
236,236,,,,,,,0.9963991641998291,,0.9876946806907654,,-1.9683520793914795,
236,236,0.9977605938911438,,0.9925968050956726,,-1.9807746410369873,,,,,,,
,237,,,,,,,,0.9964055418968201,,0.987731397151947,,-1.9684373140335083
237,237,,,,,,,0.9964054822921753,,0.9877313375473022,,-1.9684373140335083,
237,237,0.9977706074714661,,0.9926637411117554,,-1.9809273481369019,,,,,,,
,238,,,,,,,,0.9964070916175842,,0.9877856373786926,,-1.9685475826263428
238,238,,,,,,,0.9964070916175842,,0.9877856373786926,,-1.9685475826263428,
238,238,0.997780442237854,,0.9927318692207336,,-1.9810824394226074,,,,,,,
,239,,,,,,,,0.9964165687561035,,0.9878199100494385,,-1.9686341285705566
239,239,,,,,,,0.9964165687561035,,0.9878199100494385,,-1.968634009361267,
239,239,0.9977736473083496,,0.9927935004234314,,-1.9811911582946777,,,,,,,
,240,,,,,,,,0.9964154958724976,,0.9878590106964111,,-1.9687092304229736
240,240,,,,,,,0.9964154958724976,,0.9878590106964111,,-1.968709111213684,
240,240,0.9977847933769226,,0.9928560256958008,,-1.9813377857208252,,,,,,,
,241,,,,,,,,0.996420681476593,,0.9878972172737122,,-1.9687950611114502
241,241,,,,,,,0.996420681476593,,0.9878972768783569,,-1.9687949419021606,
241,241,0.9977983832359314,,0.9928991794586182,,-1.9814502000808716,,,,,,,
,242,,,,,,,,0.9964281320571899,,0.9879425168037415,,-1.9688994884490967
242,242,,,,,,,0.9964280724525452,,0.9879425168037415,,-1.9688996076583862,
242,242,0.9978103637695312,,0.992958128452301,,-1.9815914630889893,,,,,,,
,243,,,,,,,,0.9964244961738586,,0.987978994846344,,-1.9689642190933228
243,243,,,,,,,0.9964244961738586,,0.987978994846344,,-1.9689643383026123,
243,243,0.997809886932373,,0.9930332899093628,,-1.9817397594451904,,,,,,,
,244,,,,,,,,0.9964291453361511,,0.988020122051239,,-1.9690548181533813
244,244,,,,,,,0.9964291453361511,,0.988020122051239,,-1.9690548181533813,
244,244,0.9978344440460205,,0.993080198764801,,-1.9818816184997559,,,,,,,
,245,,,,,,,,0.9964247941970825,,0.9880580306053162,,-1.969120979309082
245,245,,,,,,,0.9964247345924377,,0.9880580902099609,,-1.9691208600997925,
245,245,0.9978392124176025,,0.9931468963623047,,-1.98202383518219,,,,,,,
,246,,,,,,,,0.9964327812194824,,0.9880881309509277,,-1.9691964387893677
246,246,,,,,,,0.9964327812194824,,0.9880881905555725,,-1.9691963195800781,
246,246,0.9978407025337219,,0.9931982159614563,,-1.9821287393569946,,,,,,,
,247,,,,,,,,0.996440052986145,,0.9881235957145691,,-1.9692809581756592
247,247,,,,,,,0.9964399933815002,,0.9881235361099243,,-1.9692810773849487,
247,247,0.9978564381599426,,0.9932492971420288,,-1.9822617769241333,,,,,,,
,248,,,,,,,,0.9964446425437927,,0.9881660342216492,,-1.9693740606307983
248,248,,,,,,,0.996444582939148,,0.9881659746170044,,-1.9693740606307983,
248,248,0.9978729486465454,,0.9933128356933594,,-1.9824209213256836,,,,,,,
249,249,,0.9978731274604797,,0.9933844804763794,,-1.9825634956359863,,,,,,
,249,,,,,,,,0.9964492321014404,,0.9881986975669861,,-1.9694478511810303
249,249,,,,,,,0.9964491724967957,,0.9881987571716309,,-1.9694478511810303,
249,249,0.9978731274604797,,0.9933845400810242,,-1.9825633764266968,,,,,,,
,250,,,,,,,,0.9964504837989807,,0.988225519657135,,-1.9695031642913818
250,250,,,,,,,0.9964504837989807,,0.988225519657135,,-1.9695031642913818,
250,250,0.9978840947151184,,0.9934279322624207,,-1.9826717376708984,,,,,,,
,251,,,,,,,,0.9964531660079956,,0.9882602691650391,,-1.9695773124694824
251,251,,,,,,,0.9964532256126404,,0.9882602095603943,,-1.9695771932601929,
251,251,0.9978958368301392,,0.9934748411178589,,-1.9827882051467896,,,,,,,
,252,,,,,,,,0.9964564442634583,,0.9882912039756775,,-1.9696450233459473
252,252,,,,,,,0.9964564442634583,,0.9882912039756775,,-1.9696450233459473,
252,252,0.9978964924812317,,0.9935267567634583,,-1.9828928709030151,,,,,,,
,253,,,,,,,,0.9964644908905029,,0.988319993019104,,-1.9697179794311523
253,253,,,,,,,0.9964644312858582,,0.9883199334144592,,-1.9697179794311523,
253,253,0.9979063868522644,,0.9935895204544067,,-1.9830373525619507,,,,,,,
,254,,,,,,,,0.9964650273323059,,0.988352358341217,,-1.9697829484939575
254,254,,,,,,,0.9964650273323059,,0.9883522987365723,,-1.9697829484939575,
254,254,0.9979118704795837,,0.9936272501945496,,-1.9831231832504272,,,,,,,
,255,,,,,,,,0.9964612722396851,,0.9883835911750793,,-1.9698371887207031
255,255,,,,,,,0.9964612126350403,,0.9883835911750793,,-1.9698373079299927,
255,255,0.9979280829429626,,0.9936875700950623,,-1.9832754135131836,,,,,,,
,256,,,,,,,,0.9964675307273865,,0.9884132742881775,,-1.9699082374572754
256,256,,,,,,,0.9964674711227417,,0.9884133338928223,,-1.9699082374572754,
256,256,0.9979419708251953,,0.9937329888343811,,-1.9833935499191284,,,,,,,
,257,,,,,,,,0.9964680671691895,,0.9884414076805115,,-1.9699649810791016
257,257,,,,,,,0.9964680671691895,,0.9884414076805115,,-1.9699649810791016,
257,257,0.9979339241981506,,0.9937782883644104,,-1.9834672212600708,,,,,,,
,258,,,,,,,,0.996474027633667,,0.9884694218635559,,-1.9700323343276978
258,258,,,,,,,0.996474027633667,,0.9884694218635559,,-1.9700324535369873,
258,258,0.9979498982429504,,0.9938414096832275,,-1.9836245775222778,,,,,,,
,259,,,,,,,,0.9964786767959595,,0.9884976148605347,,-1.970097303390503
259,259,,,,,,,0.9964787364006042,,0.9884976148605347,,-1.970097303390503,
259,259,0.9979630708694458,,0.99388587474823,,-1.9837396144866943,,,,,,,
,260,,,,,,,,0.9964711666107178,,0.9885212182998657,,-1.9701290130615234
260,260,,,,,,,0.9964712262153625,,0.9885212182998657,,-1.9701290130615234,
260,260,0.9979769587516785,,0.9939244389533997,,-1.9838435649871826,,,,,,,
,261,,,,,,,,0.9964816570281982,,0.9885530471801758,,-1.9702128171920776
261,261,,,,,,,0.9964816570281982,,0.9885530471801758,,-1.9702128171920776,
261,261,0.9979838132858276,,0.9939776659011841,,-1.9839632511138916,,,,,,,
,262,,,,,,,,0.9964831471443176,,0.9885707497596741,,-1.9702508449554443
262,262,,,,,,,0.9964831471443176,,0.9885706901550293,,-1.9702508449554443,
262,262,0.9979902505874634,,0.9940309524536133,,-1.9840821027755737,,,,,,,
,263,,,,,,,,0.9964893460273743,,0.9885978102684021,,-1.9703166484832764
263,263,,,,,,,0.996489405632019,,0.9885978102684021,,-1.9703166484832764,
263,263,0.9979928135871887,,0.994081437587738,,-1.9841874837875366,,,,,,,
,264,,,,,,,,0.9964881539344788,,0.9886195659637451,,-1.9703572988510132
264,264,,,,,,,0.996488094329834,,0.9886195659637451,,-1.9703572988510132,
264,264,0.9980003237724304,,0.9941221475601196,,-1.984283685684204,,,,,,,
,265,,,,,,,,0.9964996576309204,,0.9886395931243896,,-1.9704198837280273
265,265,,,,,,,0.9964996576309204,,0.9886396527290344,,-1.9704198837280273,
265,265,0.9980134963989258,,0.9941797256469727,,-1.9844244718551636,,,,,,,
,266,,,,,,,,0.9964936971664429,,0.9886680841445923,,-1.9704642295837402
266,266,,,,,,,0.9964936971664429,,0.9886680841445923,,-1.9704643487930298,
266,266,0.9980216026306152,,0.9942253828048706,,-1.9845314025878906,,,,,,,
,267,,,,,,,,0.9964975714683533,,0.9886792898178101,,-1.9704941511154175
267,267,,,,,,,0.9964975714683533,,0.9886793494224548,,-1.970494270324707,
267,267,0.9980296492576599,,0.9942570924758911,,-1.9846104383468628,,,,,,,
,268,,,,,,,,0.9964947700500488,,0.98870450258255,,-1.9705383777618408
268,268,,,,,,,0.9964947700500488,,0.9887045621871948,,-1.9705383777618408,
268,268,0.9980395436286926,,0.9943134784698486,,-1.9847421646118164,,,,,,,
,269,,,,,,,,0.9964990019798279,,0.9887251257896423,,-1.9705877304077148
269,269,,,,,,,0.9964989423751831,,0.9887251853942871,,-1.9705877304077148,
269,269,0.998044490814209,,0.9943462014198303,,-1.9848172664642334,,,,,,,
,270,,,,,,,,0.996504545211792,,0.9887437224388123,,-1.9706354141235352
270,270,,,,,,,0.996504545211792,,0.9887437224388123,,-1.9706354141235352,
270,270,0.9980653524398804,,0.9943991899490356,,-1.9849644899368286,,,,,,,
,271,,,,,,,,0.9965057373046875,,0.9887639880180359,,-1.9706778526306152
271,271,,,,,,,0.9965056777000427,,0.9887639880180359,,-1.9706778526306152,
271,271,0.9980547428131104,,0.9944518804550171,,-1.985047698020935,,,,,,,
,272,,,,,,,,0.9965062141418457,,0.9887785911560059,,-1.9707077741622925
272,272,,,,,,,0.9965062141418457,,0.9887785315513611,,-1.9707077741622925,
272,272,0.9980748295783997,,0.9944833517074585,,-1.9851505756378174,,,,,,,
,273,,,,,,,,0.9965069890022278,,0.9888008236885071,,-1.9707531929016113
273,273,,,,,,,0.9965069890022278,,0.9888008236885071,,-1.9707533121109009,
273,273,0.9980875253677368,,0.9945347905158997,,-1.9852780103683472,,,,,,,
,274,,,,,,,,0.9965139031410217,,0.9888179302215576,,-1.9708008766174316
274,274,,,,,,,0.9965139031410217,,0.9888179302215576,,-1.970800757408142,
274,274,0.9980875849723816,,0.9945669770240784,,-1.9853421449661255,,,,,,,
,275,,,,,,,,0.9965104460716248,,0.988823413848877,,-1.9708048105239868
275,275,,,,,,,0.99651038646698,,0.988823413848877,,-1.9708049297332764,
275,275,0.998096227645874,,0.9946032166481018,,-1.9854317903518677,,,,,,,
,276,,,,,,,,0.9965237975120544,,0.9888413548469543,,-1.9708669185638428
276,276,,,,,,,0.9965237975120544,,0.9888412952423096,,-1.9708669185638428,
276,276,0.9981138110160828,,0.9946466088294983,,-1.9855533838272095,,,,,,,
,277,,,,,,,,0.9965182542800903,,0.9888594150543213,,-1.9708914756774902
277,277,,,,,,,0.9965181946754456,,0.9888594150543213,,-1.9708914756774902,
277,277,0.9981063008308411,,0.9946916699409485,,-1.9856276512145996,,,,,,,
,278,,,,,,,,0.9965184926986694,,0.9888737201690674,,-1.9709203243255615
278,278,,,,,,,0.9965184926986694,,0.9888737797737122,,-1.970920205116272,
278,278,0.998112142086029,,0.9947245121002197,,-1.9857046604156494,,,,,,,
,279,,,,,,,,0.9965237975120544,,0.9888884425163269,,-1.970960021018982
279,279,,,,,,,0.9965237975120544,,0.9888884425163269,,-1.9709599018096924,
279,279,0.9981318712234497,,0.9947525262832642,,-1.9857999086380005,,,,,,,
,280,,,,,,,,0.9965221881866455,,0.9888951182365417,,-1.9709700345993042
280,280,,,,,,,0.9965222477912903,,0.988895058631897,,-1.9709701538085938,
280,280,0.9981411695480347,,0.9948107600212097,,-1.9859341382980347,,,,,,,
,281,,,,,,,,0.996529757976532,,0.9889137148857117,,-1.9710218906402588
281,281,,,,,,,0.996529757976532,,0.9889137744903564,,-1.9710218906402588,
281,281,0.9981443881988525,,0.9948410391807556,,-1.9860010147094727,,,,,,,
,282,,,,,,,,0.9965252876281738,,0.9889212250709534,,-1.9710278511047363
282,282,,,,,,,0.996525228023529,,0.9889211654663086,,-1.9710277318954468,
282,282,0.9981562495231628,,0.9948782920837402,,-1.9860987663269043,,,,,,,
,283,,,,,,,,0.9965295791625977,,0.9889297485351562,,-1.9710532426834106
283,283,,,,,,,0.9965295791625977,,0.988929808139801,,-1.9710532426834106,
283,283,0.9981660842895508,,0.9949216842651367,,-1.986204743385315,,,,,,,
,284,,,,,,,,0.9965323209762573,,0.9889466166496277,,-1.9710921049118042
284,284,,,,,,,0.9965323209762573,,0.9889466166496277,,-1.9710921049118042,
284,284,0.9981773495674133,,0.994981050491333,,-1.9863454103469849,,,,,,,
,285,,,,,,,,0.9965327382087708,,0.988953173160553,,-1.9711058139801025
285,285,,,,,,,0.9965327978134155,,0.988953173160553,,-1.9711058139801025,
285,285,0.998178243637085,,0.9950056076049805,,-1.9863958358764648,,,,,,,
,286,,,,,,,,0.9965375661849976,,0.988962709903717,,-1.9711344242095947
286,286,,,,,,,0.9965375661849976,,0.988962709903717,,-1.9711343050003052,
286,286,0.9981837272644043,,0.9950262308120728,,-1.9864475727081299,,,,,,,
,287,,,,,,,,0.9965349435806274,,0.9889713525772095,,-1.9711462259292603
287,287,,,,,,,0.9965349435806274,,0.9889713525772095,,-1.9711462259292603,
287,287,0.9982022047042847,,0.9950705170631409,,-1.9865729808807373,,,,,,,
,288,,,,,,,,0.9965360164642334,,0.988976240158081,,-1.9711580276489258
288,288,,,,,,,0.9965360164642334,,0.988976240158081,,-1.9711580276489258,
288,288,0.9982043504714966,,0.9951061010360718,,-1.9866479635238647,,,,,,,
,289,,,,,,,,0.9965378642082214,,0.9889808297157288,,-1.9711707830429077
289,289,,,,,,,0.9965378642082214,,0.9889808297157288,,-1.9711706638336182,
289,289,0.9982158541679382,,0.9951372742652893,,-1.9867331981658936,,,,,,,
,290,,,,,,,,0.9965415596961975,,0.988990306854248,,-1.9711968898773193
290,290,,,,,,,0.9965415596961975,,0.988990306854248,,-1.9711968898773193,
290,290,0.9982117414474487,,0.9951683282852173,,-1.9867868423461914,,,,,,,
,291,,,,,,,,0.9965428113937378,,0.9889968633651733,,-1.971212387084961
291,291,,,,,,,0.9965428709983826,,0.9889968633651733,,-1.971212387084961,
291,291,0.9982308149337769,,0.9952059984207153,,-1.9868998527526855,,,,,,,
,292,,,,,,,,0.9965420961380005,,0.9890000224113464,,-1.971217155456543
292,292,,,,,,,0.9965420961380005,,0.9890000820159912,,-1.9712172746658325,
292,292,0.9982344508171082,,0.9952408075332642,,-1.9869762659072876,,,,,,,
,293,,,,,,,,0.9965459704399109,,0.9890128374099731,,-1.971250295639038
293,293,,,,,,,0.9965459704399109,,0.9890128970146179,,-1.971250295639038,
293,293,0.9982402324676514,,0.9952820539474487,,-1.9870699644088745,,,,,,,
,294,,,,,,,,0.9965466260910034,,0.9890134334564209,,-1.971252679824829
294,294,,,,,,,0.9965466856956482,,0.9890134930610657,,-1.971252679824829,
294,294,0.998252809047699,,0.995311439037323,,-1.9871536493301392,,,,,,,
,295,,,,,,,,0.9965478777885437,,0.9890166521072388,,-1.9712616205215454
295,295,,,,,,,0.9965478181838989,,0.9890167117118835,,-1.9712616205215454,
295,295,0.9982543587684631,,0.9953354001045227,,-1.9872044324874878,,,,,,,
,296,,,,,,,,0.9965528249740601,,0.9890192747116089,,-1.9712766408920288
296,296,,,,,,,0.9965528249740601,,0.9890192151069641,,-1.9712766408920288,
296,296,0.9982725381851196,,0.9953869581222534,,-1.9873430728912354,,,,,,,
,297,,,,,,,,0.9965487718582153,,0.9890248775482178,,-1.9712796211242676
297,297,,,,,,,0.9965488314628601,,0.9890248775482178,,-1.9712796211242676,
297,297,0.9982642531394958,,0.9954078793525696,,-1.9873682260513306,,,,,,,
,298,,,,,,,,0.996555745601654,,0.9890279173851013,,-1.971299648284912
298,298,,,,,,,0.996555745601654,,0.9890279173851013,,-1.9712995290756226,
298,298,0.9982818365097046,,0.9954467415809631,,-1.9874811172485352,,,,,,,
299,299,,0.9982945919036865,,0.9954730868339539,,-1.9875588417053223,,,,,,
,299,,,,,,,,0.9965476989746094,,0.989029586315155,,-1.9712867736816406
299,299,,,,,,,0.9965477585792542,,0.989029586315155,,-1.9712868928909302,
299,299,0.9982945919036865,,0.9954730272293091,,-1.9875588417053223,,,,,,,
,300,,,,,,,,0.9965553283691406,,0.9890325665473938,,-1.9713079929351807
300,300,,,,,,,0.9965553879737854,,0.989032506942749,,-1.9713079929351807,
300,300,0.9982969164848328,,0.9954963326454163,,-1.9876097440719604,,,,,,,
,301,,,,,,,,0.9965497255325317,,0.9890322685241699,,-1.9712961912155151
301,301,,,,,,,0.9965497255325317,,0.9890322089195251,,-1.9712961912155151,
301,301,0.9982986450195312,,0.9955392479896545,,-1.9876984357833862,,,,,,,
,302,,,,,,,,0.9965588450431824,,0.9890339374542236,,-1.9713177680969238
302,302,,,,,,,0.9965589046478271,,0.9890338778495789,,-1.9713177680969238,
302,302,0.9983219504356384,,0.9955719113349915,,-1.9878098964691162,,,,,,,
,303,,,,,,,,0.9965599179267883,,0.989029049873352,,-1.9713101387023926
303,303,,,,,,,0.9965599775314331,,0.9890289902687073,,-1.9713101387023926,
303,303,0.9983294606208801,,0.9955925345420837,,-1.9878662824630737,,,,,,,
,304,,,,,,,,0.9965634942054749,,0.9890342950820923,,-1.971327543258667
304,304,,,,,,,0.9965634942054749,,0.9890342950820923,,-1.971327543258667,
304,304,0.9983289837837219,,0.9956284761428833,,-1.9879368543624878,,,,,,,
,305,,,,,,,,0.9965617060661316,,0.9890316724777222,,-1.9713188409805298
305,305,,,,,,,0.9965617060661316,,0.9890316724777222,,-1.9713189601898193,
305,305,0.9983338713645935,,0.9956620931625366,,-1.988013505935669,,,,,,,
,306,,,,,,,,0.9965687394142151,,0.9890298247337341,,-1.9713292121887207
306,306,,,,,,,0.9965687394142151,,0.9890297651290894,,-1.9713292121887207,
306,306,0.9983358383178711,,0.9956826567649841,,-1.9880584478378296,,,,,,,
,307,,,,,,,,0.996565580368042,,0.9890312552452087,,-1.9713258743286133
307,307,,,,,,,0.9965655207633972,,0.9890312552452087,,-1.9713259935379028,
307,307,0.9983482360839844,,0.9957236051559448,,-1.9881645441055298,,,,,,,
,308,,,,,,,,0.9965647459030151,,0.989027202129364,,-1.9713160991668701
308,308,,,,,,,0.9965647459030151,,0.9890272617340088,,-1.9713162183761597,
308,308,0.9983534812927246,,0.9957498908042908,,-1.9882274866104126,,,,,,,
,309,,,,,,,,0.9965677857398987,,0.9890315532684326,,-1.9713307619094849
309,309,,,,,,,0.9965677857398987,,0.9890315532684326,,-1.9713308811187744,
309,309,0.9983600378036499,,0.9957781434059143,,-1.9882969856262207,,,,,,,
,310,,,,,,,,0.9965614080429077,,0.9890270829200745,,-1.9713091850280762
310,310,,,,,,,0.9965614080429077,,0.9890270233154297,,-1.9713091850280762,
310,310,0.9983862638473511,,0.9958085417747498,,-1.9884097576141357,,,,,,,
,311,,,,,,,,0.9965681433677673,,0.9890138506889343,,-1.9712965488433838
311,311,,,,,,,0.9965682029724121,,0.9890138506889343,,-1.9712966680526733,
311,311,0.9983659386634827,,0.9958258271217346,,-1.9884039163589478,,,,,,,
,312,,,,,,,,0.9965706467628479,,0.9890152215957642,,-1.971304178237915
312,312,,,,,,,0.9965706467628479,,0.9890152215957642,,-1.9713042974472046,
312,312,0.9983944892883301,,0.9958692789077759,,-1.9885469675064087,,,,,,,
,313,,,,,,,,0.9965762495994568,,0.9890174865722656,,-1.9713199138641357
313,313,,,,,,,0.9965763092041016,,0.9890174865722656,,-1.9713199138641357,
313,313,0.9983938932418823,,0.9958866834640503,,-1.9885804653167725,,,,,,,
,314,,,,,,,,0.9965727925300598,,0.9890099167823792,,-1.9712979793548584
314,314,,,,,,,0.9965727925300598,,0.9890099167823792,,-1.9712979793548584,
314,314,0.9983994364738464,,0.995911180973053,,-1.9886404275894165,,,,,,,
,315,,,,,,,,0.9965704083442688,,0.9890048503875732,,-1.971283197402954
315,315,,,,,,,0.9965704083442688,,0.9890048503875732,,-1.9712830781936646,
315,315,0.9984148144721985,,0.9959442615509033,,-1.9887369871139526,,,,,,,
,316,,,,,,,,0.9965765476226807,,0.9889936447143555,,-1.9712731838226318
316,316,,,,,,,0.9965766072273254,,0.9889936447143555,,-1.9712731838226318,
316,316,0.9984192252159119,,0.9959719777107239,,-1.9888010025024414,,,,,,,
,317,,,,,,,,0.9965765476226807,,0.988997757434845,,-1.9712814092636108
317,317,,,,,,,0.9965766072273254,,0.9889976978302002,,-1.9712814092636108,
317,317,0.9984254837036133,,0.9959917664527893,,-1.9888529777526855,,,,,,,
,318,,,,,,,,0.9965802431106567,,0.9889919757843018,,-1.9712772369384766
318,318,,,,,,,0.996580183506012,,0.9889919757843018,,-1.9712772369384766,
318,318,0.9984304308891296,,0.9960261583328247,,-1.98893141746521,,,,,,,
,319,,,,,,,,0.9965744614601135,,0.9889820218086243,,-1.9712461233139038
319,319,,,,,,,0.9965744018554688,,0.9889819622039795,,-1.9712461233139038,
319,319,0.9984465837478638,,0.996053159236908,,-1.9890172481536865,,,,,,,
,320,,,,,,,,0.9965811371803284,,0.9889755249023438,,-1.9712464809417725
320,320,,,,,,,0.9965811967849731,,0.9889755249023438,,-1.971246600151062,
320,320,0.9984409809112549,,0.9960758090019226,,-1.9890515804290771,,,,,,,
,321,,,,,,,,0.9965770840644836,,0.9889695644378662,,-1.971226692199707
321,321,,,,,,,0.9965770840644836,,0.9889695644378662,,-1.9712265729904175,
321,321,0.9984558820724487,,0.9960939884185791,,-1.9891172647476196,,,,,,,
,322,,,,,,,,0.9965825080871582,,0.9889580011367798,,-1.9712146520614624
322,322,,,,,,,0.996582567691803,,0.9889580607414246,,-1.9712146520614624,
322,322,0.9984633922576904,,0.9961472749710083,,-1.9892385005950928,,,,,,,
,323,,,,,,,,0.996580958366394,,0.9889580607414246,,-1.9712116718292236
323,323,,,,,,,0.996580958366394,,0.9889580607414246,,-1.9712117910385132,
323,323,0.9984688758850098,,0.9961497187614441,,-1.989254117012024,,,,,,,
,324,,,,,,,,0.9965804219245911,,0.9889434576034546,,-1.9711816310882568
324,324,,,,,,,0.9965804219245911,,0.9889434576034546,,-1.9711816310882568,
324,324,0.9984792470932007,,0.9961850047111511,,-1.9893453121185303,,,,,,,
,325,,,,,,,,0.9965818524360657,,0.9889377951622009,,-1.9711732864379883
325,325,,,,,,,0.9965818524360657,,0.9889377951622009,,-1.9711732864379883,
325,325,0.9984797835350037,,0.9961923360824585,,-1.989361047744751,,,,,,,
,326,,,,,,,,0.9965792894363403,,0.9889273047447205,,-1.9711475372314453
326,326,,,,,,,0.9965792894363403,,0.9889273643493652,,-1.9711476564407349,
326,326,0.9984841346740723,,0.9962351322174072,,-1.989454984664917,,,,,,,
,327,,,,,,,,0.9965883493423462,,0.9889205098152161,,-1.9711520671844482
327,327,,,,,,,0.9965882897377014,,0.9889205098152161,,-1.9711521863937378,
327,327,0.99849933385849,,0.996254026889801,,-1.989522933959961,,,,,,,
,328,,,,,,,,0.9965865612030029,,0.9889129996299744,,-1.9711337089538574
328,328,,,,,,,0.9965865612030029,,0.9889129400253296,,-1.9711337089538574,
328,328,0.9985058307647705,,0.9962836503982544,,-1.9895949363708496,,,,,,,
,329,,,,,,,,0.996582567691803,,0.9889078140258789,,-1.9711154699325562
329,329,,,,,,,0.996582567691803,,0.9889078140258789,,-1.9711153507232666,
329,329,0.9985015392303467,,0.9962986707687378,,-1.9896163940429688,,,,,,,
,330,,,,,,,,0.9965819716453552,,0.9888931512832642,,-1.9710853099822998
330,330,,,,,,,0.9965819716453552,,0.9888931512832642,,-1.9710853099822998,
330,330,0.9985100030899048,,0.9963285326957703,,-1.9896926879882812,,,,,,,
,331,,,,,,,,0.9965887069702148,,0.9888806343078613,,-1.971073865890503
331,331,,,,,,,0.9965887069702148,,0.9888806343078613,,-1.971073865890503,
331,331,0.9985188841819763,,0.9963394403457642,,-1.9897323846817017,,,,,,,
,332,,,,,,,,0.9965865612030029,,0.9888716340065002,,-1.9710519313812256
332,332,,,,,,,0.9965865612030029,,0.9888716340065002,,-1.9710520505905151,
332,332,0.9985303282737732,,0.9963769912719727,,-1.9898298978805542,,,,,,,
,333,,,,,,,,0.9965865612030029,,0.9888688921928406,,-1.9710464477539062
333,333,,,,,,,0.9965865612030029,,0.9888688921928406,,-1.9710463285446167,
333,333,0.9985305666923523,,0.996390163898468,,-1.9898567199707031,,,,,,,
,334,,,,,,,,0.9965890645980835,,0.9888545870780945,,-1.9710230827331543
334,334,,,,,,,0.9965890645980835,,0.9888545870780945,,-1.9710230827331543,
334,334,0.998547375202179,,0.996414840221405,,-1.9899392127990723,,,,,,,
,335,,,,,,,,0.9965920448303223,,0.988847017288208,,-1.971014142036438
335,335,,,,,,,0.9965920448303223,,0.9888469576835632,,-1.971014142036438,
335,335,0.998555064201355,,0.9964455962181091,,-1.990016222000122,,,,,,,
,336,,,,,,,,0.9965886473655701,,0.988829493522644,,-1.9709726572036743
336,336,,,,,,,0.9965885877609253,,0.988829493522644,,-1.9709726572036743,
336,336,0.9985653162002563,,0.9964721202850342,,-1.9900894165039062,,,,,,,
,337,,,,,,,,0.9965884685516357,,0.98881995677948,,-1.9709534645080566
337,337,,,,,,,0.9965885281562805,,0.9888200163841248,,-1.9709534645080566,
337,337,0.9985610246658325,,0.996482789516449,,-1.9901020526885986,,,,,,,
,338,,,,,,,,0.9965972900390625,,0.9888100624084473,,-1.9709515571594238
338,338,,,,,,,0.9965972900390625,,0.9888100028038025,,-1.9709515571594238,
338,338,0.998580276966095,,0.9965125918388367,,-1.9902000427246094,,,,,,,
,339,,,,,,,,0.9965965151786804,,0.9888030886650085,,-1.9709360599517822
339,339,,,,,,,0.9965965151786804,,0.9888030886650085,,-1.9709360599517822,
339,339,0.998580276966095,,0.996540367603302,,-1.990255355834961,,,,,,,
,340,,,,,,,,0.9965858459472656,,0.9887843728065491,,-1.9708778858184814
340,340,,,,,,,0.9965858459472656,,0.9887844324111938,,-1.970877766609192,
340,340,0.998582661151886,,0.9965631365776062,,-1.9903051853179932,,,,,,,
,341,,,,,,,,0.9965933561325073,,0.9887723326683044,,-1.9708690643310547
341,341,,,,,,,0.9965934157371521,,0.9887722730636597,,-1.9708690643310547,
341,341,0.9985920190811157,,0.9965775609016418,,-1.9903528690338135,,,,,,,
,342,,,,,,,,0.996593713760376,,0.9887552261352539,,-1.9708359241485596
342,342,,,,,,,0.996593713760376,,0.9887551665306091,,-1.9708359241485596,
342,342,0.9985944032669067,,0.9966005682945251,,-1.990403413772583,,,,,,,
,343,,,,,,,,0.9965957403182983,,0.9887474179267883,,-1.9708244800567627
343,343,,,,,,,0.9965957403182983,,0.9887474775314331,,-1.9708244800567627,
343,343,0.9986122846603394,,0.9966220855712891,,-1.990482211112976,,,,,,,
,344,,,,,,,,0.9965929388999939,,0.9887322783470154,,-1.9707889556884766
344,344,,,,,,,0.9965928792953491,,0.9887323379516602,,-1.970788836479187,
344,344,0.9986117482185364,,0.9966355562210083,,-1.990507960319519,,,,,,,
,345,,,,,,,,0.9966000914573669,,0.9887180328369141,,-1.9707751274108887
345,345,,,,,,,0.9966000318527222,,0.9887180328369141,,-1.9707751274108887,
345,345,0.9986143112182617,,0.9966555237770081,,-1.9905527830123901,,,,,,,
,346,,,,,,,,0.9966021776199341,,0.9886988997459412,,-1.9707415103912354
346,346,,,,,,,0.9966021776199341,,0.9886988997459412,,-1.9707415103912354,
346,346,0.9986207485198975,,0.99667888879776,,-1.9906121492385864,,,,,,,
,347,,,,,,,,0.9965985417366028,,0.9886889457702637,,-1.9707144498825073
347,347,,,,,,,0.9965986013412476,,0.9886888861656189,,-1.9707143306732178,
347,347,0.9986321330070496,,0.9967104196548462,,-1.9906976222991943,,,,,,,
,348,,,,,,,,0.9966021776199341,,0.9886807799339294,,-1.9707056283950806
348,348,,,,,,,0.9966021776199341,,0.9886807799339294,,-1.9707056283950806,
348,348,0.998633861541748,,0.9967160224914551,,-1.9907125234603882,,,,,,,
349,349,,0.9986451268196106,,0.9967383146286011,,-1.9907793998718262,,,,,,
,349,,,,,,,,0.996600866317749,,0.9886619448661804,,-1.970665693283081
349,349,,,,,,,0.9966008067131042,,0.9886619448661804,,-1.970665693283081,
349,349,0.9986451268196106,,0.9967383146286011,,-1.9907792806625366,,,,,,,
,350,,,,,,,,0.996598482131958,,0.9886496067047119,,-1.9706366062164307
350,350,,,,,,,0.996598482131958,,0.9886496067047119,,-1.9706366062164307,
350,350,0.9986506104469299,,0.9967758655548096,,-1.9908649921417236,,,,,,,
,351,,,,,,,,0.9966022968292236,,0.9886319041252136,,-1.970609188079834
351,351,,,,,,,0.9966022968292236,,0.9886319041252136,,-1.970609188079834,
351,351,0.9986593723297119,,0.9967865943908691,,-1.9909040927886963,,,,,,,
,352,,,,,,,,0.9965994358062744,,0.9886192083358765,,-1.9705784320831299
352,352,,,,,,,0.9965994358062744,,0.9886192083358765,,-1.9705784320831299,
352,352,0.9986758232116699,,0.9968076944351196,,-1.9909791946411133,,,,,,,
,353,,,,,,,,0.9965983033180237,,0.9886046648025513,,-1.9705474376678467
353,353,,,,,,,0.9965983033180237,,0.9886046648025513,,-1.9705474376678467,
353,353,0.9986737370491028,,0.9968193173408508,,-1.9909981489181519,,,,,,,
,354,,,,,,,,0.9966031312942505,,0.9885948896408081,,-1.9705376625061035
354,354,,,,,,,0.9966031908988953,,0.9885948896408081,,-1.9705376625061035,
354,354,0.9986900687217712,,0.9968391060829163,,-1.99107027053833,,,,,,,
,355,,,,,,,,0.9965972304344177,,0.9885751008987427,,-1.9704867601394653
355,355,,,,,,,0.9965972304344177,,0.9885751008987427,,-1.9704867601394653,
355,355,0.9986924529075623,,0.9968686103820801,,-1.9911335706710815,,,,,,,
,356,,,,,,,,0.9966009855270386,,0.9885570406913757,,-1.9704585075378418
356,356,,,,,,,0.9966010451316833,,0.9885570406913757,,-1.9704583883285522,
356,356,0.9986994862556458,,0.9968922734260559,,-1.9911948442459106,,,,,,,
,357,,,,,,,,0.9966018199920654,,0.9885396361351013,,-1.9704258441925049
357,357,,,,,,,0.9966018199920654,,0.9885396361351013,,-1.9704257249832153,
357,357,0.9987066984176636,,0.9969075322151184,,-1.9912397861480713,,,,,,,
,358,,,,,,,,0.996596097946167,,0.9885222315788269,,-1.9703799486160278
358,358,,,,,,,0.9965961575508118,,0.9885222315788269,,-1.9703800678253174,
358,358,0.9987033605575562,,0.9969243407249451,,-1.9912664890289307,,,,,,,
,359,,,,,,,,0.9966034293174744,,0.9885101318359375,,-1.9703707695007324
359,359,,,,,,,0.9966034889221191,,0.9885101318359375,,-1.970370888710022,
359,359,0.9987123608589172,,0.9969367384910583,,-1.9913091659545898,,,,,,,
,360,,,,,,,,0.9966009259223938,,0.9884855151176453,,-1.970317006111145
360,360,,,,,,,0.9966009259223938,,0.9884854555130005,,-1.9703171253204346,
360,360,0.9987131357192993,,0.9969553351402283,,-1.9913479089736938,,,,,,,
,361,,,,,,,,0.9965972304344177,,0.9884766936302185,,-1.9702922105789185
361,361,,,,,,,0.9965972304344177,,0.9884766936302185,,-1.9702922105789185,
361,361,0.9987302422523499,,0.9969767332077026,,-1.9914246797561646,,,,,,,
,362,,,,,,,,0.9966047406196594,,0.9884563684463501,,-1.9702670574188232
362,362,,,,,,,0.9966047406196594,,0.9884563088417053,,-1.9702670574188232,
362,362,0.998731255531311,,0.996982991695404,,-1.9914392232894897,,,,,,,
,363,,,,,,,,0.996599018573761,,0.9884411692619324,,-1.9702255725860596
363,363,,,,,,,0.9965990781784058,,0.9884411692619324,,-1.9702255725860596,
363,363,0.998738169670105,,0.9970028400421143,,-1.991492509841919,,,,,,,
,364,,,,,,,,0.9966036081314087,,0.9884264469146729,,-1.970205545425415
364,364,,,,,,,0.9966035485267639,,0.9884264469146729,,-1.9702056646347046,
364,364,0.9987532496452332,,0.9970328211784363,,-1.9915825128555298,,,,,,,
,365,,,,,,,,0.9966073036193848,,0.9884089827537537,,-1.9701783657073975
365,365,,,,,,,0.9966073036193848,,0.9884090423583984,,-1.970178484916687,
365,365,0.9987584948539734,,0.9970564842224121,,-1.9916402101516724,,,,,,,
,366,,,,,,,,0.9966045022010803,,0.988389790058136,,-1.970134973526001
366,366,,,,,,,0.9966045618057251,,0.988389790058136,,-1.9701350927352905,
366,366,0.9987692832946777,,0.9970700740814209,,-1.99168860912323,,,,,,,
,367,,,,,,,,0.9966018199920654,,0.9883744716644287,,-1.9700992107391357
367,367,,,,,,,0.9966018199920654,,0.9883745312690735,,-1.9700992107391357,
367,367,0.9987807869911194,,0.9970925450325012,,-1.9917566776275635,,,,,,,
,368,,,,,,,,0.9966092705726624,,0.9883565306663513,,-1.970078706741333
368,368,,,,,,,0.9966092109680176,,0.9883565306663513,,-1.970078706741333,
368,368,0.9987731575965881,,0.997107744216919,,-1.9917716979980469,,,,,,,
,369,,,,,,,,0.9966053366661072,,0.988337516784668,,-1.9700331687927246
369,369,,,,,,,0.9966053366661072,,0.9883375763893127,,-1.9700331687927246,
369,369,0.9987693428993225,,0.9971182942390442,,-1.9917850494384766,,,,,,,
,370,,,,,,,,0.9966038465499878,,0.9883160591125488,,-1.9699878692626953
370,370,,,,,,,0.9966038465499878,,0.9883160591125488,,-1.9699878692626953,
370,370,0.9988000392913818,,0.997140645980835,,-1.9918911457061768,,,,,,,
,371,,,,,,,,0.996601402759552,,0.9882996082305908,,-1.9699504375457764
371,371,,,,,,,0.996601402759552,,0.9882996082305908,,-1.9699504375457764,
371,371,0.9987965226173401,,0.997157871723175,,-1.9919183254241943,,,,,,,
,372,,,,,,,,0.9966073036193848,,0.9882791042327881,,-1.9699217081069946
372,372,,,,,,,0.9966073036193848,,0.9882791042327881,,-1.9699217081069946,
372,372,0.9988045692443848,,0.9971749782562256,,-1.9919683933258057,,,,,,,
,373,,,,,,,,0.9966073632240295,,0.9882581233978271,,-1.9698803424835205
373,373,,,,,,,0.9966073632240295,,0.9882580637931824,,-1.9698803424835205,
373,373,0.9988059997558594,,0.9971927404403687,,-1.9920068979263306,,,,,,,
,374,,,,,,,,0.9966033697128296,,0.988243579864502,,-1.9698436260223389
374,374,,,,,,,0.9966033697128296,,0.9882436394691467,,-1.9698435068130493,
374,374,0.9988149404525757,,0.9972068667411804,,-1.9920529127120972,,,,,,,
,375,,,,,,,,0.996604323387146,,0.9882190227508545,,-1.9697970151901245
375,375,,,,,,,0.996604323387146,,0.9882189631462097,,-1.9697970151901245,
375,375,0.9988374710083008,,0.9972288608551025,,-1.992141842842102,,,,,,,
,376,,,,,,,,0.9966065287590027,,0.9882007241249084,,-1.9697651863098145
376,376,,,,,,,0.9966064691543579,,0.9882007241249084,,-1.9697651863098145,
376,376,0.9988407492637634,,0.997248113155365,,-1.9921866655349731,,,,,,,
,377,,,,,,,,0.9966033101081848,,0.9881824254989624,,-1.9697227478027344
377,377,,,,,,,0.99660325050354,,0.9881824254989624,,-1.9697227478027344,
377,377,0.9988482594490051,,0.9972744584083557,,-1.9922542572021484,,,,,,,
,378,,,,,,,,0.99660325050354,,0.988161563873291,,-1.9696812629699707
378,378,,,,,,,0.99660325050354,,0.988161563873291,,-1.9696812629699707,
378,378,0.9988541007041931,,0.9972750544548035,,-1.99226713180542,,,,,,,
,379,,,,,,,,0.9966049790382385,,0.9881433248519897,,-1.9696487188339233
379,379,,,,,,,0.9966049194335938,,0.9881433248519897,,-1.969648838043213,
379,379,0.9988545179367065,,0.9972953796386719,,-1.9923083782196045,,,,,,,
,380,,,,,,,,0.9966001510620117,,0.9881200194358826,,-1.9695930480957031
380,380,,,,,,,0.9966001510620117,,0.9881200194358826,,-1.9695930480957031,
380,380,0.9988705515861511,,0.9973075985908508,,-1.9923648834228516,,,,,,,
,381,,,,,,,,0.9966000318527222,,0.9880983829498291,,-1.9695500135421753
381,381,,,,,,,0.9966000318527222,,0.9880983233451843,,-1.9695500135421753,
381,381,0.9988601803779602,,0.9973165392875671,,-1.9923620223999023,,,,,,,
,382,,,,,,,,0.996604859828949,,0.9880802035331726,,-1.9695236682891846
382,382,,,,,,,0.996604859828949,,0.9880801439285278,,-1.9695236682891846,
382,382,0.9988618493080139,,0.9973415732383728,,-1.992415189743042,,,,,,,
,383,,,,,,,,0.9966012239456177,,0.9880643486976624,,-1.9694851636886597
383,383,,,,,,,0.9966012239456177,,0.9880643486976624,,-1.9694851636886597,
383,383,0.9988721013069153,,0.9973554015159607,,-1.992463231086731,,,,,,,
,384,,,,,,,,0.9966050982475281,,0.9880434274673462,,-1.9694514274597168
384,384,,,,,,,0.9966050982475281,,0.9880434274673462,,-1.9694515466690063,
384,384,0.9988861083984375,,0.9973636269569397,,-1.992507815361023,,,,,,,
,385,,,,,,,,0.9965999126434326,,0.98802649974823,,-1.9694077968597412
385,385,,,,,,,0.9965999722480774,,0.98802649974823,,-1.9694076776504517,
385,385,0.9988955855369568,,0.9973868131637573,,-1.9925727844238281,,,,,,,
,386,,,,,,,,0.996607780456543,,0.988002359867096,,-1.969375729560852
386,386,,,,,,,0.996607780456543,,0.988002359867096,,-1.9693756103515625,
386,386,0.9988945722579956,,0.997398853302002,,-1.992594838142395,,,,,,,
,387,,,,,,,,0.996600329875946,,0.9879848957061768,,-1.969326376914978
387,387,,,,,,,0.996600329875946,,0.9879849553108215,,-1.969326376914978,
387,387,0.9988946914672852,,0.9974209070205688,,-1.9926390647888184,,,,,,,
,388,,,,,,,,0.9966018199920654,,0.9879645705223083,,-1.9692891836166382
388,388,,,,,,,0.9966018199920654,,0.9879646301269531,,-1.9692891836166382,
388,388,0.9989165663719177,,0.9974293112754822,,-1.9926996231079102,,,,,,,
,389,,,,,,,,0.9966022968292236,,0.9879425764083862,,-1.9692466259002686
389,389,,,,,,,0.9966022968292236,,0.987942636013031,,-1.9692466259002686,
389,389,0.998917281627655,,0.9974604249000549,,-1.9927630424499512,,,,,,,
,390,,,,,,,,0.9965924620628357,,0.9879148006439209,,-1.9691722393035889
390,390,,,,,,,0.9965924024581909,,0.9879147410392761,,-1.9691723585128784,
390,390,0.9989331960678101,,0.9974610805511475,,-1.9927961826324463,,,,,,,
,391,,,,,,,,0.9965997934341431,,0.9879032969474792,,-1.9691641330718994
391,391,,,,,,,0.9965997338294983,,0.9879032969474792,,-1.9691641330718994,
391,391,0.9989425539970398,,0.9974749684333801,,-1.9928427934646606,,,,,,,
,392,,,,,,,,0.9965948462486267,,0.9878776669502258,,-1.9691035747528076
392,392,,,,,,,0.9965948462486267,,0.9878777265548706,,-1.969103455543518,
392,392,0.9989482760429382,,0.997494637966156,,-1.9928932189941406,,,,,,,
,393,,,,,,,,0.9965941905975342,,0.9878529906272888,,-1.9690535068511963
393,393,,,,,,,0.9965941905975342,,0.9878529906272888,,-1.9690533876419067,
393,393,0.9989560842514038,,0.9975205659866333,,-1.9929604530334473,,,,,,,
,394,,,,,,,,0.9965935945510864,,0.9878267645835876,,-1.9690005779266357
394,394,,,,,,,0.9965935945510864,,0.9878267645835876,,-1.9690006971359253,
394,394,0.9989659190177917,,0.9975248575210571,,-1.9929885864257812,,,,,,,
,395,,,,,,,,0.9966001510620117,,0.98781818151474,,-1.9689966440200806
395,395,,,,,,,0.9966001510620117,,0.98781818151474,,-1.968996524810791,
395,395,0.9989648461341858,,0.9975405931472778,,-1.9930179119110107,,,,,,,
,396,,,,,,,,0.9965963363647461,,0.9877910017967224,,-1.968935251235962
396,396,,,,,,,0.9965963363647461,,0.9877910017967224,,-1.9689351320266724,
396,396,0.9989811182022095,,0.9975577592849731,,-1.9930850267410278,,,,,,,
,397,,,,,,,,0.9965962171554565,,0.9877649545669556,,-1.9688835144042969
397,397,,,,,,,0.9965962171554565,,0.9877650141716003,,-1.9688835144042969,
397,397,0.99897301197052,,0.9975634217262268,,-1.9930799007415771,,,,,,,
,398,,,,,,,,0.9965946078300476,,0.98774653673172,,-1.9688440561294556
398,398,,,,,,,0.9965945482254028,,0.98774653673172,,-1.9688440561294556,
398,398,0.9989811778068542,,0.9975765347480774,,-1.9931223392486572,,,,,,,
399,399,,0.9990007281303406,,0.9975969195365906,,-1.9932020902633667,,,,,,
,399,,,,,,,,0.9965968728065491,,0.9877260327339172,,-1.9688079357147217
399,399,,,,,,,0.9965969324111938,,0.987726092338562,,-1.9688078165054321,
399,399,0.9990007281303406,,0.9975968599319458,,-1.9932020902633667,,,,,,,
,400,,,,,,,,0.9965915083885193,,0.9876996874809265,,-1.968745231628418
400,400,,,,,,,0.9965915679931641,,0.9876996874809265,,-1.9687453508377075,
400,400,0.9990068078041077,,0.9976125359535217,,-1.9932453632354736,,,,,,,
,401,,,,,,,,0.9965975284576416,,0.9876882433891296,,-1.9687347412109375
401,401,,,,,,,0.9965975284576416,,0.9876882433891296,,-1.9687347412109375,
401,401,0.9990066885948181,,0.9976183772087097,,-1.9932568073272705,,,,,,,
,402,,,,,,,,0.9965935349464417,,0.9876605272293091,,-1.9686720371246338
402,402,,,,,,,0.9965934753417969,,0.9876604676246643,,-1.9686720371246338,
402,402,0.999013364315033,,0.997654139995575,,-1.9933414459228516,,,,,,,
,403,,,,,,,,0.9965927004814148,,0.9876335263252258,,-1.9686169624328613
403,403,,,,,,,0.9965927004814148,,0.9876335263252258,,-1.9686170816421509,
403,403,0.9990240335464478,,0.9976462721824646,,-1.99334716796875,,,,,,,
,404,,,,,,,,0.9965892434120178,,0.9876139760017395,,-1.968571424484253
404,404,,,,,,,0.9965893030166626,,0.9876139760017395,,-1.9685715436935425,
404,404,0.9990327954292297,,0.9976524114608765,,-1.9933768510818481,,,,,,,
,405,,,,,,,,0.9965875744819641,,0.9875897765159607,,-1.9685204029083252
405,405,,,,,,,0.9965875148773193,,0.9875897765159607,,-1.9685204029083252,
405,405,0.99904465675354,,0.9976702928543091,,-1.9934360980987549,,,,,,,
,406,,,,,,,,0.9965879321098328,,0.987568736076355,,-1.9684795141220093
406,406,,,,,,,0.9965879321098328,,0.9875687956809998,,-1.9684796333312988,
406,406,0.9990571737289429,,0.9976826906204224,,-1.993485927581787,,,,,,,
